Name,Type,ALIGNMENT,Size,CR,AC,HP,STR,DEX,CON,INT,WIS,CHA,Total Points (sum of ability scores),Arctic,Coast,Desert,Forest,Grassland,Hill,Mountain,Swamp,Underdark,Underwater,Urban
Sacred Statue,Construct,Same as Eidolon,Large,-,19,95,19,8,19,14,19,16,79,NO,YES,YES,YES,YES,NO,YES,NO,NO,NO,YES
"Blue Dragon, Ancient",Dragon,LE,Gargantuan,23,22,481,29,10,27,18,17,21,122,NO,YES,YES,NO,NO,NO,NO,NO,NO,NO,NO
Elder Tempest,Elemental,N,Gargantuan,23,19,264,23,28,23,2,21,18,97,YES,YES,NO,NO,YES,YES,YES,NO,NO,NO,NO
"Bronze Dragon, Ancient",Dragon,LG,Gargantuan,22,22,444,29,10,27,18,17,21,122,NO,YES,NO,NO,NO,NO,NO,NO,NO,NO,NO
Leviathan,Elemental,N,Gargantuan,20,17,328,30,24,30,2,18,17,104,NO,YES,NO,NO,NO,NO,NO,NO,NO,YES,NO
Nagpa,Humanoid,NE,Medium,17,19,187,9,15,12,23,18,21,77,NO,YES,YES,YES,NO,NO,NO,YES,YES,NO,YES
Dragon Turtle,Dragon,N,Gargantuan,17,20,341,25,10,20,10,12,12,89,NO,YES,NO,NO,NO,NO,NO,NO,NO,YES,NO
Blue Abishai,Fiend (Devil),LE,Medium,17,19,195,15,14,17,22,23,18,91,NO,YES,NO,NO,NO,NO,NO,NO,NO,NO,YES
"Blue Dragon, Adult",Dragon,LE,Huge,16,19,225,25,10,23,16,15,19,108,NO,YES,YES,NO,NO,NO,NO,NO,NO,NO,NO
Storm Giant Quintessent,Giant,CG,Huge,16,12,230,29,14,20,17,20,19,100,YES,YES,YES,NO,NO,YES,YES,NO,NO,YES,NO
"Bronze Dragon, Adult",Dragon,LG,Huge,15,19,212,25,10,23,16,15,19,108,NO,YES,NO,NO,NO,NO,NO,NO,NO,NO,NO
Wastrilith,Fiend (Demon),CE,Large,13,18,157,19,18,21,19,12,14,89,NO,YES,NO,NO,NO,NO,NO,YES,YES,YES,NO
Storm Giant,Giant,CG,Huge,13,16,230,29,14,20,16,18,18,115,NO,YES,NO,NO,NO,NO,NO,NO,NO,YES,NO
Ki-rin,Celestial,LG,Huge,12,20,152,21,16,16,19,20,20,92,NO,YES,YES,NO,YES,YES,YES,NO,NO,NO,NO
Frost Giant Everlasting One,Giant,CE,Huge,12,15,189,25,9,24,9,10,12,77,YES,YES,NO,NO,NO,NO,NO,NO,NO,NO,NO
Eidolon,Undead,ANY,Medium,12,9,63,7,8,9,14,19,16,57,NO,YES,YES,YES,YES,NO,YES,NO,NO,NO,YES
Spirit Troll,Giant,CE,Large,11,17,97,1,17,13,8,9,16,48,NO,YES,NO,YES,NO,NO,NO,YES,YES,NO,NO
Balhannoth,Aberration,CE,Large,11,17,114,17,8,18,6,15,8,64,NO,YES,NO,NO,NO,NO,YES,NO,YES,NO,NO
Morkoth,Aberration,CE,Medium,11,17,130,14,14,14,20,15,13,77,NO,YES,NO,NO,NO,NO,NO,NO,NO,YES,NO
Djinni,Elemental,CG,Large,11,17,161,21,15,22,15,16,20,109,NO,YES,NO,NO,NO,NO,NO,NO,NO,NO,NO
Marid,Elemental,CN,Large,11,17,229,22,12,26,18,17,18,113,NO,YES,NO,NO,NO,NO,NO,NO,NO,YES,NO
Roc,Monstrosity,U,Gargantuan,11,15,248,28,10,20,3,10,9,80,YES,YES,YES,NO,NO,YES,YES,NO,NO,NO,NO
Stone Giant Dreamwalker,Giant,CN,Huge,10,18,161,23,14,21,10,8,12,76,NO,YES,NO,NO,NO,YES,YES,NO,NO,NO,NO
"Blue Dragon, Young",Dragon,LE,Large,9,18,152,21,10,19,14,13,17,94,NO,YES,YES,NO,NO,NO,NO,NO,NO,NO,NO
The Lonely,Monstrosity,NE,Medium,9,16,112,16,12,17,6,11,6,62,NO,YES,YES,NO,NO,NO,YES,NO,YES,NO,YES
Canoloth,Fiend,NE,Medium,8,16,120,18,10,17,5,17,12,67,NO,YES,NO,NO,NO,NO,NO,NO,YES,NO,YES
"Brass Dragon, Young",Dragon,CG,Large,6,17,110,19,10,17,12,11,15,84,NO,YES,YES,NO,NO,NO,NO,NO,NO,NO,NO
Cyclops,Giant,CN,Huge,6,14,138,22,11,20,8,6,10,77,NO,YES,YES,NO,YES,YES,YES,NO,YES,NO,NO
Water Elemental,Elemental,N,Large,5,14,114,18,14,18,5,10,8,73,NO,YES,NO,NO,NO,NO,NO,YES,NO,YES,NO
Kraken Priest,Humanoid,ANY,Medium,5,10,75,12,10,16,10,15,14,63,NO,YES,NO,NO,NO,NO,NO,NO,NO,YES,NO
Sahuagin Baron,Humanoid,LE,Large,5,16,76,19,15,16,14,13,17,94,NO,YES,NO,NO,NO,NO,NO,NO,NO,YES,NO
Banshee,Undead,CE,Medium,4,12,58,1,14,10,12,11,17,65,NO,YES,NO,NO,NO,NO,NO,NO,NO,NO,NO
Vampiric Mist,Undead,CE,Medium,3,13,30,6,16,16,6,12,7,56,YES,YES,NO,YES,YES,NO,YES,YES,YES,NO,YES
Merrenoloth,Fiend,NE,Medium,3,13,40,8,17,10,17,14,11,66,NO,YES,NO,NO,NO,NO,NO,NO,NO,NO,NO
Veteran,Humanoid,ANY,Medium,3,17,58,16,13,14,10,11,10,74,YES,YES,NO,YES,YES,YES,YES,NO,YES,NO,YES
Swashbuckler,Humanoid,NOT LAWFUL,Medium,3,17,66,12,18,12,14,11,15,67,NO,YES,NO,NO,NO,NO,NO,NO,NO,NO,YES
Deep Scion,Humanoid,NE,Medium,3,11,67,18,13,16,10,12,14,69,NO,YES,NO,NO,NO,NO,NO,NO,NO,YES,NO
Manticore,Monstrosity,LE,Large,3,14,68,17,16,17,7,12,8,77,YES,YES,NO,NO,YES,YES,YES,NO,NO,NO,NO
Ogre,Giant,CE,Large,2,11,59,19,8,16,5,7,7,62,YES,YES,YES,YES,YES,NO,YES,YES,YES,NO,NO
Druid,Humanoid,ANY,Medium,2,11,27,10,12,13,12,15,11,73,YES,YES,YES,YES,YES,YES,YES,YES,YES,NO,NO
Quetzalcoatlus,Beast,U,Huge,2,13,30,15,13,13,2,10,5,53,NO,YES,NO,NO,NO,YES,YES,NO,NO,NO,NO
Plesiosaurus,Beast,U,Large,2,13,68,18,15,16,2,12,5,68,NO,YES,NO,NO,NO,NO,NO,NO,NO,YES,NO
Sea Hag,Fey,CE,Medium,2,14,52,16,13,16,12,12,13,82,NO,YES,NO,NO,NO,NO,NO,NO,NO,YES,NO
Sahuagin Priestess,Humanoid,LE,Medium,2,12,33,13,11,12,12,14,13,75,NO,YES,NO,NO,NO,NO,NO,NO,NO,YES,NO
Tortle Druid,Humanoid,LN,Medium,2,17,33,14,10,12,11,15,12,62,NO,YES,NO,NO,NO,NO,NO,NO,NO,NO,NO
Bandit Captain,Humanoid,NOT LAWFUL,Medium,2,15,65,15,16,14,14,11,14,84,YES,YES,YES,YES,NO,YES,NO,NO,NO,NO,YES
Berserker,Humanoid,C,Medium,2,13,67,16,12,17,9,11,9,74,YES,YES,YES,YES,NO,YES,YES,NO,NO,NO,NO
Merrow,Monstrosity,CE,Large,2,13,45,18,10,15,8,10,9,70,NO,YES,NO,NO,NO,NO,NO,NO,NO,YES,NO
Griffon,Monstrosity,U,Large,2,12,59,18,15,16,2,13,8,72,YES,YES,NO,NO,YES,YES,YES,NO,NO,NO,NO
Giant Toad,Beast,U,Large,1,11,39,15,13,13,2,10,3,56,NO,YES,NO,YES,NO,NO,NO,YES,YES,NO,NO
Giant Eagle,Beast,U,Large,1,13,26,16,17,13,8,14,10,78,NO,YES,NO,NO,YES,YES,NO,NO,NO,NO,NO
Sea Spawn,Humanoid,NE,Medium,1,11,32,15,8,15,6,10,8,54,NO,YES,NO,NO,NO,NO,NO,NO,NO,YES,NO
Harpy,Monstrosity,CE,Medium,1,11,38,12,13,12,7,10,13,67,NO,YES,NO,YES,NO,YES,YES,NO,NO,NO,NO
Skulk,Humanoid,CN,Medium, 1/2,14,18,6,19,10,10,7,1,52,NO,YES,NO,YES,NO,NO,NO,YES,YES,NO,YES
Scout,Humanoid,ANY,Medium, 1/2,13,16,11,14,12,11,13,11,72,YES,YES,YES,YES,YES,NO,YES,YES,YES,NO,NO
Sahuagin,Humanoid,LE,Medium, 1/2,12,22,13,11,12,12,13,9,70,NO,YES,NO,NO,NO,NO,NO,NO,NO,YES,NO
Dimetrodon,Beast,U,Medium, 1/4,12,19,14,10,15,2,10,5,51,NO,YES,NO,NO,NO,NO,NO,YES,NO,NO,NO
Giant Lizard,Beast,U,Large, 1/4,12,19,15,12,13,2,10,5,57,NO,YES,YES,YES,NO,NO,NO,YES,YES,NO,NO
Winged Kobold,Humanoid,LE,Small, 1/4,13,7,7,16,9,8,7,8,55,YES,YES,YES,YES,NO,YES,YES,YES,YES,NO,YES
Giant Wolf Spider,Beast,U,Medium, 1/4,13,11,12,16,13,3,12,4,60,NO,YES,YES,YES,YES,YES,NO,NO,NO,NO,NO
Pteranodon,Beast,U,Medium, 1/4,13,13,12,15,10,2,9,5,53,NO,YES,NO,NO,YES,NO,YES,NO,NO,NO,NO
Pseudodragon,Dragon,NG,Tiny, 1/4,13,7,6,15,13,10,12,10,66,NO,YES,YES,YES,NO,YES,YES,NO,NO,NO,YES
Tortle,Humanoid,LG,Medium, 1/4,17,22,15,10,12,11,13,12,61,NO,YES,NO,NO,NO,NO,NO,NO,NO,NO,NO
Poisonous Snake,Beast,U,Tiny, 1/8,13,2,2,16,11,1,10,3,43,NO,YES,YES,YES,YES,YES,NO,YES,NO,NO,NO
Stirge,Beast,U,Tiny, 1/8,14,2,4,16,11,2,8,6,47,NO,YES,YES,NO,YES,YES,YES,YES,YES,NO,YES
Kobold,Humanoid,LE,Small, 1/8,12,5,7,15,9,8,7,8,54,YES,YES,YES,YES,NO,YES,YES,YES,YES,NO,YES
Tribal Warrior,Humanoid,ANY,Medium, 1/8,12,11,13,11,12,8,11,8,63,YES,YES,YES,YES,YES,YES,YES,YES,YES,NO,NO
Dolphin,Beast,U,Medium, 1/8,12,11,14,13,13,6,12,7,58,NO,YES,NO,NO,NO,NO,NO,NO,NO,YES,NO
Blood Hawk,Beast,U,Small, 1/8,12,7,6,14,10,3,14,5,52,YES,YES,NO,YES,YES,YES,YES,NO,NO,NO,NO
Giant Crab,Beast,U,Medium, 1/8,15,13,13,15,11,1,9,3,52,NO,YES,NO,NO,NO,NO,NO,NO,NO,NO,NO
Bandit,Humanoid,NOT LAWFUL,Medium, 1/8,12,11,11,12,12,10,10,10,65,YES,YES,YES,YES,NO,YES,NO,NO,NO,NO,YES
Guard,Humanoid,ANY,Medium, 1/8,16,11,13,12,12,10,11,10,68,NO,YES,YES,YES,YES,YES,YES,NO,NO,NO,YES
Merfolk,Humanoid,N,Medium, 1/8,11,11,10,13,12,11,11,12,69,NO,YES,NO,NO,NO,NO,NO,NO,NO,YES,NO
Crab,Beast,U,Tiny,0,11,2,2,11,10,1,8,2,34,NO,YES,NO,NO,NO,NO,NO,NO,NO,NO,NO
Eagle,Beast,U,Small,0,12,3,6,15,10,2,14,7,54,NO,YES,NO,NO,YES,YES,YES,NO,NO,NO,NO
Commoner,Humanoid,ANY,Medium,0,10,4,10,10,10,10,10,10,60,YES,YES,YES,YES,YES,YES,NO,NO,NO,NO,YES
Tarrasque,Monstrosity,U,Gargantuan,30,25,676,30,11,30,3,11,11,96,NO,NO,NO,NO,NO,NO,NO,NO,NO,NO,YES
Orcus,Fiend (Demon),CE,Huge,26,17,405,27,14,25,20,20,25,106,NO,NO,NO,NO,NO,NO,NO,NO,NO,NO,NO
Demogorgon,Fiend (Demon),CE,Huge,26,22,406,29,14,26,20,17,25,106,NO,NO,NO,NO,NO,NO,NO,NO,NO,NO,NO
Zariel,Fiend (Devil),LE,Large,26,21,580,27,24,28,26,27,30,132,NO,NO,NO,NO,NO,NO,NO,NO,NO,NO,NO
Marut,Construct,LN,Large,25,22,432,28,12,26,19,15,18,100,NO,NO,NO,NO,NO,NO,NO,NO,NO,NO,NO
"Gold Dragon, Ancient",Dragon,LG,Gargantuan,24,22,546,30,14,29,18,17,28,136,NO,NO,NO,YES,YES,NO,NO,NO,NO,NO,NO
"Red Dragon, Ancient",Dragon,CE,Gargantuan,24,22,546,30,10,29,18,15,23,125,NO,NO,NO,NO,NO,YES,YES,NO,NO,NO,NO
Yeenoghu,Fiend (Demon),CE,Huge,24,20,333,29,16,23,15,24,15,107,NO,NO,NO,NO,NO,NO,NO,NO,NO,NO,NO
Graz'zt,Fiend (Demon),CE,Large,24,20,346,22,15,21,23,21,26,102,NO,NO,NO,NO,NO,NO,NO,NO,NO,NO,NO
Empyrean,Celestial,CG OR NE,Huge,23,22,313,30,21,30,21,22,27,151,NO,NO,NO,NO,NO,NO,NO,NO,NO,NO,NO
"Silver Dragon, Ancient",Dragon,LG,Gargantuan,23,22,487,30,10,29,18,15,23,125,NO,NO,NO,NO,NO,NO,YES,NO,NO,NO,YES
Baphomet,Fiend (Demon),CE,Huge,23,22,275,30,14,26,18,24,16,112,NO,NO,NO,NO,NO,NO,NO,NO,NO,NO,NO
Zuggtmoy,Fiend (Demon),CE,Large,23,18,304,22,15,18,20,19,24,94,NO,NO,NO,NO,NO,NO,NO,NO,NO,NO,NO
Fraz-Urb'luu,Fiend (Demon),CE,Large,23,18,337,29,12,25,26,24,26,116,NO,NO,NO,NO,NO,NO,NO,NO,NO,NO,NO
Juiblex,Fiend (Demon),CE,Huge,23,18,350,24,10,23,20,20,16,97,NO,NO,NO,NO,NO,NO,NO,NO,NO,NO,NO
Kraken,Monstrosity,CE,Gargantuan,23,18,472,30,11,25,22,18,20,126,NO,NO,NO,NO,NO,NO,NO,NO,NO,YES,NO
"Green Dragon, Ancient",Dragon,LE,Gargantuan,22,21,385,27,12,25,20,17,19,120,NO,NO,NO,YES,NO,NO,NO,NO,NO,NO,NO
Zaratan,Elemental,N,Gargantuan,22,21,307,30,10,30,2,21,18,93,NO,NO,YES,YES,YES,YES,YES,NO,YES,NO,NO
Geryon,Fiend (Devil),LE,Huge,22,19,300,29,17,22,19,16,23,103,NO,NO,NO,NO,NO,NO,NO,NO,NO,NO,NO
"Black Dragon, Ancient",Dragon,CE,Gargantuan,21,22,367,27,14,25,16,15,19,116,NO,NO,NO,NO,NO,NO,NO,YES,NO,NO,NO
Solar,Celestial,LG,Large,21,21,243,26,22,26,25,25,30,154,NO,NO,NO,NO,NO,NO,NO,NO,NO,NO,NO
"Copper Dragon, Ancient",Dragon,CG,Gargantuan,21,21,350,27,12,25,20,17,19,120,NO,NO,NO,NO,NO,YES,NO,NO,NO,NO,NO
Molydeus,Fiend (Demon),CE,Huge,21,19,216,28,22,25,21,24,24,120,NO,NO,NO,NO,NO,NO,NO,NO,NO,NO,NO
Hutijin,Fiend (Devil),LE,Large,21,19,200,27,15,25,23,19,25,109,NO,NO,NO,NO,NO,NO,NO,NO,NO,NO,NO
Moloch,Fiend (Devil),LE,Large,21,19,253,26,19,22,21,18,23,106,NO,NO,NO,NO,NO,NO,NO,NO,NO,NO,NO
Astral Dreadnought,Monstrosity,U,Gargantuan,21,20,297,28,7,25,5,14,18,79,NO,NO,NO,NO,NO,NO,NO,NO,NO,NO,NO
Lich,Undead,E,Medium,21,17,135,11,16,16,20,14,16,93,NO,NO,NO,NO,NO,NO,NO,NO,NO,NO,NO
Nightwalker,Undead,CE,Huge,20,14,297,22,19,24,6,9,8,80,YES,NO,YES,NO,NO,NO,NO,YES,YES,NO,NO
"Brass Dragon, Ancient",Dragon,CG,Gargantuan,20,20,297,27,10,25,16,15,19,112,NO,NO,YES,NO,NO,NO,NO,NO,NO,NO,NO
"White Dragon, Ancient",Dragon,CE,Gargantuan,20,20,333,26,10,26,10,13,14,99,YES,NO,NO,NO,NO,NO,NO,NO,NO,NO,NO
Pit Fiend,Fiend (Devil),LE,Large,20,19,300,26,14,24,22,18,24,128,NO,NO,NO,NO,NO,NO,NO,NO,NO,NO,NO
Drow Matron Mother,Humanoid,NE,Medium,20,17,262,12,18,16,17,21,22,84,NO,NO,NO,NO,NO,NO,NO,NO,YES,NO,NO
Balor,Fiend (Demon),CE,Huge,19,19,262,26,15,22,20,16,22,121,NO,NO,NO,NO,NO,NO,NO,NO,NO,NO,NO
Bael,Fiend (Devil),LE,Large,19,18,189,24,17,20,21,24,24,106,NO,NO,NO,NO,NO,NO,NO,NO,NO,NO,NO
Red Abishai,Fiend (Devil),LE,Medium,19,22,255,23,16,19,14,15,19,87,NO,NO,NO,NO,NO,NO,YES,NO,NO,NO,YES
Sibriex,Fiend (Demon),CE,Huge,18,19,150,10,3,23,25,24,25,85,NO,NO,NO,NO,NO,NO,NO,NO,YES,NO,NO
Amnizu,Fiend (Devil),LE,Medium,18,21,202,11,13,16,20,12,18,72,NO,NO,NO,NO,NO,NO,NO,NO,NO,NO,NO
Drow Favored Consort,Humanoid,NE,Medium,18,15,225,15,20,16,18,15,18,84,NO,NO,NO,NO,NO,NO,NO,NO,YES,NO,NO
Demilich,Undead,NE,Tiny,18,20,80,1,20,10,20,17,20,88,NO,NO,NO,NO,NO,NO,NO,NO,NO,NO,NO
"Gold Dragon, Adult",Dragon,LG,Huge,17,19,256,27,14,25,16,15,24,121,NO,NO,NO,YES,YES,NO,NO,NO,NO,NO,NO
"Red Dragon, Adult",Dragon,CE,Huge,17,19,256,27,10,25,16,13,21,112,NO,NO,NO,NO,NO,YES,YES,NO,NO,NO,NO
Goristro,Fiend (Demon),CE,Huge,17,19,310,25,11,25,6,13,14,94,NO,NO,NO,NO,NO,NO,NO,NO,NO,NO,NO
Androsphinx,Monstrosity,LN,Large,17,17,199,22,10,20,16,18,23,109,NO,NO,YES,NO,NO,NO,NO,NO,NO,NO,NO
Death Knight,Undead,CE,Medium,17,20,180,20,11,20,12,16,18,97,NO,NO,NO,NO,NO,NO,NO,NO,NO,NO,NO
Dracolich,Undead,LE,VARIES,17,19,225,25,10,23,16,15,19,108,NO,NO,YES,NO,NO,NO,NO,NO,NO,NO,NO
Star Spawn Larva Mage,Aberration,CE,Medium,16,16,168,17,12,23,18,12,16,82,NO,NO,NO,NO,NO,NO,YES,NO,NO,NO,NO
Planetar,Celestial,LG,Large,16,19,200,24,20,24,19,22,25,134,NO,NO,NO,NO,NO,NO,NO,NO,NO,NO,NO
Steel Predator,Construct,LE,Large,16,20,207,24,17,22,4,14,6,81,NO,NO,NO,NO,NO,NO,NO,NO,NO,NO,YES
Iron Golem,Construct,U,Large,16,20,210,24,9,20,3,11,1,68,NO,NO,NO,NO,NO,NO,NO,NO,NO,NO,NO
Hellfire Engine,Construct,LE,Huge,16,18,216,20,16,24,2,10,1,72,NO,NO,NO,NO,NO,NO,NO,NO,NO,NO,NO
"Silver Dragon, Adult",Dragon,LG,Huge,16,19,243,27,10,25,16,13,21,112,NO,NO,NO,NO,NO,NO,YES,NO,NO,NO,YES
Phoenix,Elemental,N,Gargantuan,16,16,175,19,26,25,2,21,18,93,NO,NO,YES,NO,NO,NO,YES,NO,NO,NO,NO
Marilith,Fiend (Demon),CE,Large,16,18,189,18,20,20,18,16,20,112,NO,NO,NO,NO,NO,NO,NO,NO,NO,NO,NO
Titivilus,Fiend (Devil),LE,Medium,16,20,127,19,22,17,24,22,26,104,NO,NO,NO,NO,NO,NO,NO,NO,NO,NO,NO
Githzerai Anarch,Humanoid,LN,Medium,16,20,144,16,21,18,18,20,14,93,NO,NO,NO,NO,NO,NO,NO,NO,NO,NO,NO
Nabassu,Fiend (Demon),CE,Medium,15,18,190,22,14,21,14,15,17,86,NO,NO,NO,NO,NO,NO,NO,YES,YES,NO,YES
Skull Lord,Undead,LE,Medium,15,18,105,14,16,17,16,15,21,78,NO,NO,YES,NO,NO,NO,NO,YES,YES,NO,NO
"Green Dragon, Adult",Dragon,LE,Huge,15,19,207,23,12,21,18,15,17,106,NO,NO,NO,YES,NO,NO,NO,NO,NO,NO,NO
Green Abishai,Fiend (Devil),LE,Medium,15,18,187,12,17,16,17,12,19,74,NO,NO,NO,NO,NO,NO,NO,NO,NO,NO,YES
Purple Worm,Monstrosity,U,Gargantuan,15,18,247,28,7,22,1,8,4,70,NO,NO,YES,NO,NO,NO,NO,NO,YES,NO,NO
Mummy Lord,Undead,LE,Medium,15,17,97,18,10,17,11,18,16,90,NO,NO,YES,NO,NO,NO,NO,NO,NO,NO,NO
"Black Dragon, Adult",Dragon,CE,Huge,14,19,195,23,14,21,14,13,17,102,NO,NO,NO,NO,NO,NO,NO,YES,NO,NO,NO
Elder Brain,Aberration,LE,Large,14,10,210,15,10,20,21,19,24,85,NO,NO,NO,NO,NO,NO,NO,NO,YES,NO,NO
Cadaver Collecter,Construct,LE,Large,14,17,189,21,14,20,5,11,8,71,NO,NO,NO,NO,YES,NO,NO,NO,NO,NO,NO
Retriever,Construct,LE,Large,14,19,210,22,16,20,3,11,4,72,NO,NO,YES,YES,NO,NO,NO,NO,YES,NO,NO
"Copper Dragon, Adult",Dragon,CG,Huge,14,18,184,23,12,21,18,15,17,106,NO,NO,NO,NO,NO,YES,NO,NO,NO,NO,NO
Ice Devil,Fiend (Devil),LE,Large,14,18,180,21,14,18,18,15,18,104,NO,NO,NO,NO,NO,NO,NO,NO,NO,NO,NO
Fire Giant Dreadnought,Giant,LE,Huge,14,21,187,27,9,23,8,10,11,77,NO,NO,NO,NO,NO,YES,YES,NO,YES,NO,NO
Drow Inquisitor,Humanoid,NE,Medium,14,16,143,11,15,14,16,21,20,77,NO,NO,NO,NO,NO,NO,NO,NO,YES,NO,NO
Githyanki Supreme Commander,Humanoid,LE,Medium,14,18,187,19,17,18,16,16,18,86,NO,NO,YES,NO,NO,NO,YES,NO,NO,NO,YES
Death Tyrant,Undead,LE,Large,14,19,187,10,14,14,19,15,19,91,NO,NO,NO,NO,NO,NO,NO,NO,YES,NO,NO
Star Spawn Seer,Aberration,NE,Medium,13,17,153,14,12,18,22,19,16,85,NO,NO,NO,NO,NO,NO,YES,YES,NO,NO,YES
Beholder,Aberration,LE,Large,13,18,180,10,14,18,17,15,17,91,NO,NO,NO,NO,NO,NO,NO,NO,YES,NO,NO
Neothelid,Aberration,CE,Gargantuan,13,16,325,27,7,21,3,16,12,74,NO,NO,NO,NO,NO,NO,NO,NO,YES,NO,NO
"Brass Dragon, Adult",Dragon,CG,Huge,13,18,172,23,10,21,14,13,17,98,NO,NO,YES,NO,NO,NO,NO,NO,NO,NO,NO
Shadow Dragon,Dragon,CE,VARIES,13,18,178,23,10,21,14,11,19,98,NO,NO,NO,NO,NO,NO,NO,NO,YES,NO,NO
"White Dragon, Adult",Dragon,CE,Huge,13,18,200,22,10,22,8,12,12,86,YES,NO,NO,NO,NO,NO,NO,NO,NO,NO,NO
Rakshasa,Fiend,LE,Medium,13,16,110,14,17,18,13,16,20,98,NO,NO,NO,NO,NO,NO,NO,NO,NO,NO,YES
Ultroloth,Fiend,NE,Medium,13,19,153,16,16,18,18,15,19,102,NO,NO,NO,NO,NO,NO,NO,NO,NO,NO,NO
Devourer,Fiend,CE,Large,13,16,178,20,12,20,13,10,16,75,NO,NO,NO,NO,NO,NO,NO,NO,YES,NO,NO
Nalfeshnee,Fiend (Demon),LE,Large,13,18,184,21,10,22,19,12,15,99,NO,NO,NO,NO,NO,NO,NO,NO,NO,NO,NO
Narzugon,Fiend (Devil),LE,Medium,13,20,112,20,10,17,16,14,19,77,NO,NO,NO,NO,NO,NO,NO,NO,NO,NO,NO
Dire Troll,Giant ,CE,Huge,13,15,172,22,15,21,9,11,5,78,YES,NO,NO,YES,NO,YES,YES,NO,YES,NO,NO
Drow Arachnomancer,Humanoid,CE,Medium,13,15,162,11,17,14,19,14,16,75,NO,NO,NO,NO,NO,NO,NO,NO,YES,NO,NO
The Angry,Monstrosity,NE,Medium,13,18,255,17,10,19,8,13,6,67,NO,NO,NO,NO,NO,NO,NO,NO,YES,NO,YES
Vampire,Undead,LE,Medium,13,16,144,18,18,18,17,15,18,104,NO,NO,NO,NO,NO,NO,NO,NO,NO,NO,YES
Archdruid,Humanoid,ANY,Medium,12,16,132,10,14,12,12,20,11,68,NO,NO,NO,YES,NO,YES,YES,YES,NO,YES,NO
Arcanaloth,Fiend,NE,Medium,12,17,104,17,12,14,20,16,17,96,NO,NO,NO,NO,NO,NO,NO,NO,NO,NO,NO
Oinoloth,Fiend,NE,Medium,12,17,126,19,17,18,17,16,19,87,NO,NO,YES,NO,NO,NO,NO,NO,YES,NO,NO
Erinyes,Fiend (Devil),LE,Medium,12,18,153,18,16,18,14,14,18,98,NO,NO,NO,NO,NO,NO,NO,NO,NO,NO,NO
Archmage,Humanoid,ANY,Medium,12,12,99,10,14,12,20,15,16,87,NO,NO,NO,NO,NO,NO,NO,NO,NO,NO,NO
Duergar Despot,Humanoid,LE,Medium,12,21,119,20,5,19,15,14,13,73,NO,NO,NO,NO,NO,NO,YES,NO,YES,NO,NO
Githyanki Kith'rak,Humanoid,LE,Medium,12,18,180,18,16,17,16,15,17,82,NO,NO,YES,NO,NO,NO,YES,NO,NO,NO,YES
Warlord,Humanoid,ANY,Medium,12,18,227,20,16,18,12,12,18,78,NO,NO,NO,NO,NO,NO,NO,NO,NO,NO,YES
Gray Render,Monstrosity,CN,Large,12,19,189,19,13,20,3,6,8,61,NO,NO,NO,YES,NO,YES,NO,NO,NO,NO,NO
Yuan-ti Anathema,Monstrosity,NE,Huge,12,16,189,23,13,19,19,17,20,91,NO,NO,YES,YES,NO,NO,NO,NO,YES,NO,NO
Boneclaw,Undead,CE,Large,12,16,127,19,16,15,13,15,9,78,YES,NO,YES,NO,NO,NO,NO,NO,NO,NO,YES
Dao,Elemental,NE,Large,11,18,187,23,12,24,12,13,14,98,NO,NO,NO,NO,NO,NO,NO,NO,YES,NO,NO
Efreeti,Elemental,LE,Large,11,17,200,22,12,24,16,15,16,105,NO,NO,YES,NO,NO,NO,NO,NO,NO,NO,NO
Yagnoloth,Fiend,NE,Large,11,17,147,19,14,21,16,15,18,85,NO,NO,NO,NO,NO,NO,NO,NO,NO,NO,YES
Alkilith,Fiend (Demon),CE,Medium,11,17,157,12,19,22,6,11,7,70,NO,NO,NO,NO,NO,NO,NO,NO,YES,NO,YES
Horned Devil,Fiend (Devil),LE,Large,11,18,178,22,17,21,12,16,17,105,NO,NO,NO,NO,NO,NO,NO,NO,NO,NO,NO
Cloud Giant Smiling One,Giant,CN,Huge,11,15,262,26,12,22,15,16,17,91,NO,NO,NO,NO,NO,YES,YES,NO,NO,NO,NO
Soul Monger,Humanoid,N,Medium,11,15,123,8,17,14,19,15,13,73,NO,NO,NO,NO,NO,NO,NO,NO,YES,NO,YES
Drow Shadowblade,Humanoid,NE,Medium,11,17,150,14,21,16,12,14,13,77,NO,NO,NO,NO,NO,NO,NO,NO,YES,NO,NO
Gynosphinx,Monstrosity,LN,Large,11,17,136,18,15,16,18,18,18,103,NO,NO,YES,NO,NO,NO,NO,NO,NO,NO,NO
Behir,Monstrosity,NE,Huge,11,17,168,23,16,18,7,16,12,92,NO,NO,NO,NO,NO,NO,NO,NO,YES,NO,NO
Remorhaz,Monstrosity,U,Huge,11,17,195,24,13,21,4,10,5,77,YES,NO,NO,NO,NO,NO,NO,NO,NO,NO,NO
The Hungry,Monstrosity,NE,Medium,11,17,225,19,10,17,6,11,6,63,NO,NO,NO,YES,NO,NO,NO,NO,YES,NO,YES
Froghemoth,Monstrosity,U,Huge,10,14,184,23,13,20,2,12,5,70,NO,NO,NO,NO,NO,NO,NO,YES,YES,NO,NO
Elder Oblex,Ooze,LE,Huge,10,16,115,15,16,21,22,13,18,87,NO,NO,NO,NO,NO,NO,NO,YES,YES,NO,YES
Aboleth,Aberration,LE,Large,10,17,135,21,9,15,18,15,18,96,NO,NO,NO,NO,NO,NO,NO,NO,YES,NO,NO
Star Spawn Hulk,Aberration,CE,Large,10,16,136,20,8,21,7,12,9,68,NO,NO,NO,NO,NO,NO,NO,NO,NO,NO,NO
Death Kiss,Aberration,NE,Large,10,16,161,18,14,18,10,12,10,72,NO,NO,NO,NO,NO,NO,NO,NO,YES,NO,NO
Death Slaad,Aberration,CE,Medium,10,18,170,20,15,19,15,10,16,95,NO,NO,NO,NO,NO,NO,NO,NO,NO,NO,NO
Deva,Celestial,LG,Medium,10,17,136,18,18,18,17,20,20,111,NO,NO,NO,NO,NO,NO,NO,NO,NO,NO,NO
Stone Golem,Construct,U,Large,10,17,178,22,9,20,3,11,1,66,NO,NO,NO,NO,NO,NO,NO,NO,NO,NO,NO
"Gold Dragon, Young",Dragon,LG,Large,10,18,178,23,14,21,16,13,20,107,NO,NO,NO,YES,YES,NO,NO,NO,NO,NO,NO
"Red Dragon, Young",Dragon,CE,Large,10,18,178,23,10,21,14,11,19,98,NO,NO,NO,NO,NO,YES,YES,NO,NO,NO,NO
Autumn Eladrin,Fey,CN,Medium,10,19,127,12,16,16,14,17,18,75,NO,NO,NO,YES,NO,NO,NO,NO,NO,NO,NO
Spring Eladrin,Fey,CN,Medium,10,19,127,14,16,16,18,11,18,75,NO,NO,NO,YES,YES,NO,NO,NO,NO,NO,NO
Summer Eladrin,Fey,CN,Medium,10,19,127,19,21,16,14,12,18,82,NO,NO,YES,YES,NO,NO,NO,NO,NO,NO,NO
Winter Eladrin,Fey,CN,Medium,10,19,127,11,10,16,18,17,13,72,YES,NO,NO,YES,NO,NO,NO,NO,NO,NO,NO
Yochlol,Fiend (Demon),CE,Medium,10,15,136,15,14,18,13,15,15,90,NO,NO,NO,NO,NO,NO,NO,NO,NO,NO,NO
Orthon,Fiend (Devil),LE,Large,10,17,105,22,16,21,15,15,16,89,NO,NO,YES,NO,NO,NO,NO,NO,YES,NO,YES
Githzerai Enlightened,Humanoid,LN,Medium,10,18,112,14,19,16,17,19,13,85,NO,NO,YES,NO,NO,NO,YES,NO,NO,NO,YES
Githyanki Gish,Humanoid,LE,Medium,10,17,123,17,15,14,16,15,16,77,NO,NO,YES,NO,NO,NO,YES,NO,NO,NO,YES
Guardian Naga,Monstrosity,LG,Large,10,18,127,19,18,16,16,19,18,106,NO,NO,YES,YES,NO,NO,NO,NO,NO,NO,NO
Alhoon,Undead,ANY EVIL,Medium,10,15,120,11,12,16,19,17,17,75,NO,NO,NO,NO,NO,NO,NO,NO,YES,NO,NO
Rot Troll,Giant,CE,Large,9,16,138,18,13,22,5,8,4,66,NO,NO,YES,YES,NO,NO,NO,YES,YES,NO,NO
Gray Slaad,Aberration,CN,Medium,9,18,127,17,17,16,13,8,14,85,NO,NO,NO,NO,NO,NO,NO,NO,NO,NO,NO
Ulitharid,Aberration,LE,Large,9,15,127,15,12,15,21,19,21,82,NO,NO,NO,NO,NO,NO,NO,NO,YES,NO,NO
Clay Golem,Construct,U,Large,9,14,133,20,9,18,3,8,1,59,NO,NO,NO,NO,NO,NO,NO,NO,NO,NO,NO
"Silver Dragon, Young",Dragon,LG,Large,9,18,168,23,10,21,14,11,19,98,NO,NO,NO,NO,NO,NO,YES,NO,NO,NO,YES
Frost Salamander,Elemental,U,Huge,9,17,168,20,12,18,7,11,7,68,YES,NO,NO,NO,NO,NO,NO,NO,NO,NO,NO
Nycaloth,Fiend,NE,Large,9,18,123,20,11,19,12,10,15,87,NO,NO,NO,NO,NO,NO,NO,NO,NO,NO,NO
Hydroloth,Fiend,NE,Medium,9,15,135,12,21,16,19,10,14,78,NO,NO,NO,NO,NO,NO,NO,NO,NO,NO,NO
Glabrezu,Fiend (Demon),CE,Large,9,17,157,20,15,21,19,17,16,108,NO,NO,NO,NO,NO,NO,NO,NO,NO,NO,NO
Bone Devil,Fiend (Devil),LE,Large,9,19,142,18,16,18,13,14,16,95,NO,NO,NO,NO,NO,NO,NO,NO,NO,NO,NO
Fire Giant,Giant,LE,Huge,9,18,162,25,9,23,10,14,13,94,NO,NO,NO,NO,NO,NO,YES,NO,YES,NO,NO
Cloud Giant,Giant,N,Huge,9,14,200,27,10,22,12,16,16,103,NO,NO,NO,NO,NO,NO,YES,NO,NO,NO,NO
Evoker,Humanoid,ANY,Medium,9,12,66,9,14,12,17,12,11,64,NO,NO,NO,NO,NO,NO,NO,NO,NO,NO,YES
Necromancer,Humanoid,ANY,Medium,9,12,66,9,14,12,17,12,11,64,NO,NO,YES,NO,NO,NO,NO,NO,NO,NO,YES
Abjurer,Humanoid,ANY,Medium,9,12,84,9,14,14,18,12,11,67,NO,NO,NO,NO,NO,NO,NO,NO,NO,NO,YES
Gloom Weaver,Humanoid,N,Medium,9,14,104,11,18,14,15,12,18,70,NO,NO,NO,NO,NO,NO,NO,NO,YES,NO,YES
War Priest,Humanoid,ANY,Medium,9,18,117,16,10,14,11,17,13,68,NO,NO,YES,NO,NO,NO,NO,NO,NO,NO,YES
Flind,Humanoid,CE,Medium,9,16,127,20,10,19,11,13,12,73,YES,NO,NO,YES,YES,YES,NO,NO,NO,NO,NO
Champion,Humanoid,ANY,Medium,9,18,143,20,15,14,10,14,12,73,NO,NO,YES,NO,NO,NO,NO,NO,NO,NO,YES
Drow House Captain,Humanoid,NE,Medium,9,16,162,14,19,15,12,14,13,74,NO,NO,NO,NO,NO,NO,NO,NO,YES,NO,NO
Abominable Yeti,Monstrosity,CE,Huge,9,15,137,24,10,22,9,13,9,87,YES,NO,NO,NO,NO,NO,NO,NO,NO,NO,NO
Treant,Plant,CG,Huge,9,16,138,23,8,21,12,16,12,92,NO,NO,NO,YES,NO,NO,NO,NO,NO,NO,NO
Hydra,Monstrosity,U,Huge,8,15,172,20,12,20,2,10,7,71,NO,NO,NO,NO,NO,NO,NO,YES,NO,NO,NO
Corpse Flower,Plant,CE,Large,8,12,127,14,14,16,7,15,3,66,NO,NO,NO,YES,NO,NO,NO,YES,NO,NO,YES
Sword Wraith Commander,Undead,LE,Medium,8,18,127,18,14,18,11,12,14,73,NO,NO,NO,NO,YES,NO,NO,YES,NO,NO,NO
Cloaker,Aberration,CN,Large,8,14,78,17,15,12,13,12,14,83,NO,NO,NO,NO,NO,NO,NO,NO,NO,NO,NO
Green Slaad,Aberration,CN,Large,8,16,127,18,15,16,11,8,12,80,NO,NO,NO,NO,NO,NO,NO,NO,NO,NO,NO
Tyrannosaurus Rex,Beast,U,Huge,8,13,136,25,10,19,2,12,9,77,NO,NO,NO,NO,YES,NO,NO,NO,NO,NO,NO
"Green Dragon, Young",Dragon,LE,Large,8,18,136,19,12,17,16,13,15,92,NO,NO,NO,YES,NO,NO,NO,NO,NO,NO,NO
"Bronze Dragon, Young",Dragon,LG,Large,8,18,142,21,10,19,14,13,17,94,NO,NO,NO,NO,NO,NO,NO,NO,NO,NO,NO
Howler,Fiend,CE,Large,8,16,90,17,16,15,5,20,6,73,NO,NO,NO,NO,YES,YES,NO,NO,YES,NO,NO
Shoosuva,Fiend (Demon),CE,Large,8,14,110,18,13,17,7,14,9,69,YES,NO,NO,YES,YES,YES,NO,NO,NO,NO,NO
Hezrou,Fiend (Demon),CE,Large,8,16,136,19,17,20,5,12,13,86,NO,NO,NO,NO,NO,NO,NO,NO,NO,NO,NO
Chain Devil,Fiend (Devil),LE,Medium,8,16,85,18,15,18,11,12,14,88,NO,NO,NO,NO,NO,NO,NO,NO,NO,NO,NO
Frost Giant,Giant,NE,Huge,8,15,138,23,9,21,9,10,12,84,YES,NO,NO,NO,NO,NO,YES,NO,NO,NO,NO
Fomorian,Giant,CE,Huge,8,14,149,23,10,20,9,14,6,82,NO,NO,NO,NO,NO,NO,NO,NO,NO,NO,NO
Diviner,Humanoid,ANY,Medium,8,12,67,9,14,11,18,12,11,64,NO,NO,NO,NO,NO,NO,NO,NO,NO,NO,YES
Drow Priestess of Lolth,Humanoid,NE,Medium,8,16,71,10,14,12,13,17,18,84,NO,NO,NO,NO,NO,NO,NO,NO,NO,NO,NO
Assassin,Humanoid,NOT GOOD,Medium,8,15,78,11,16,14,13,11,10,75,NO,NO,NO,NO,NO,NO,NO,NO,NO,NO,YES
Githyanki Knight,Humanoid,LE,Medium,8,18,91,16,14,15,14,14,15,88,NO,NO,NO,NO,NO,NO,NO,NO,NO,NO,NO
Blackguard,Humanoid,NOT GOOD,Medium,8,18,153,18,11,18,11,14,15,72,NO,NO,NO,NO,NO,NO,NO,NO,YES,NO,YES
Spirit Naga,Monstrosity,CE,Large,8,15,75,18,17,14,16,15,16,96,NO,NO,NO,NO,NO,NO,NO,NO,YES,NO,NO
Deathlock Mastermind,Undead,NE,Medium,8,13,110,11,16,12,15,12,17,66,NO,NO,NO,NO,NO,NO,NO,NO,NO,NO,YES
"Black Dragon, Young",Dragon,CE,Large,7,18,127,19,14,17,12,11,15,88,NO,NO,NO,NO,NO,NO,NO,YES,NO,NO,NO
Maurezhi,Fiend (Demon),CE,Medium,7,15,88,14,17,12,11,12,15,66,NO,NO,NO,NO,NO,NO,NO,YES,NO,NO,YES
Venom Troll,Giant,CE,Large,7,15,94,18,13,20,7,9,7,67,NO,NO,NO,YES,NO,NO,NO,YES,YES,NO,NO
The Lost,Monstrosity,NE,Medium,7,15,78,17,12,15,6,7,5,57,YES,NO,YES,YES,NO,NO,YES,YES,YES,NO,NO
Yuan-Ti Abomination,Monstrosity,NE,Large,7,15,127,19,16,17,17,15,18,102,NO,NO,YES,YES,NO,NO,NO,YES,NO,NO,YES
Mind Flayer,Aberration,LE,Medium,7,15,71,11,12,12,19,17,17,88,NO,NO,NO,NO,NO,NO,NO,NO,YES,NO,NO
Blue Slaad,Aberration,CN,Large,7,15,123,20,15,18,7,7,9,76,NO,NO,NO,NO,NO,NO,NO,NO,NO,NO,NO
Giant Ape,Beast,U,Huge,7,12,157,23,14,18,7,12,7,81,NO,NO,NO,YES,NO,NO,NO,NO,NO,NO,NO
Shield Guardian,Construct,U,Large,7,17,142,18,8,18,7,1,,52,NO,NO,NO,NO,NO,NO,NO,NO,NO,NO,YES
"Copper Dragon, Young",Dragon,CG,Large,7,17,119,19,12,17,16,13,15,92,NO,NO,NO,NO,NO,YES,NO,NO,NO,NO,NO
Air Elemental Myrmidon,Elemental,N,Medium,7,18,117,18,14,14,9,10,10,65,NO,NO,NO,NO,NO,NO,NO,NO,NO,NO,NO
Fire Elemental Myrmidon,Elemental,N,Medium,7,18,123,13,18,15,9,10,10,65,NO,NO,NO,NO,NO,NO,NO,NO,NO,NO,NO
Earth Elemental Myrmidon,Elemental,N,Medium,7,18,127,18,10,17,8,10,10,63,NO,NO,NO,NO,NO,NO,NO,NO,NO,NO,NO
Water Elemental Myrmidon,Elemental,N,Medium,7,18,127,18,14,15,8,10,10,65,NO,NO,NO,NO,NO,NO,NO,NO,NO,NO,NO
Bheur Hag,Fey,CE,Medium,7,17,91,13,16,14,12,13,16,68,YES,NO,NO,NO,NO,NO,NO,NO,NO,NO,NO
Korred,Fey,CN,Small,7,17,102,23,14,20,10,15,9,82,NO,NO,NO,YES,NO,NO,NO,NO,NO,NO,NO
Dhergoloth,Fiend,NE,Medium,7,15,119,17,10,19,7,10,9,63,NO,NO,NO,NO,NO,NO,NO,NO,YES,NO,NO
Armanite,Fiend (Demon),CE,Large,7,16,84,21,18,21,8,12,13,80,NO,NO,NO,NO,NO,NO,NO,NO,YES,NO,NO
Draegloth,Fiend (Demon),CE,Large,7,15,123,20,15,18,13,11,11,77,NO,NO,NO,NO,NO,NO,NO,NO,YES,NO,NO
Black Abishai,Fiend (Devil),LE,Medium,7,15,58,14,17,14,13,16,11,74,NO,NO,NO,NO,NO,NO,NO,NO,NO,NO,YES
Oni,Giant,LE,Large,7,16,110,19,11,16,14,12,15,87,NO,NO,NO,YES,NO,NO,NO,NO,NO,NO,YES
Stone Giant,Giant,N,Huge,7,17,126,23,15,20,10,12,9,89,NO,NO,NO,NO,NO,YES,YES,NO,NO,NO,NO
Drow Mage,Humanoid,NE,Medium,7,12,45,9,14,10,17,13,12,75,NO,NO,NO,NO,NO,NO,NO,NO,YES,NO,NO
Shadow Dancer,Humanoid,N,Medium,7,15,71,12,16,13,11,12,12,64,NO,NO,NO,YES,NO,NO,NO,NO,YES,NO,YES
Warlock of the Fiend,Humanoid,ANY,Medium,7,12,78,10,14,15,12,12,18,63,YES,NO,YES,NO,NO,NO,NO,NO,YES,NO,YES
Grick Alpha,Monstrosity,N,Medium,7,18,75,18,16,15,4,14,9,76,NO,NO,NO,YES,NO,NO,NO,NO,YES,NO,NO
Bodak,Undead,CE,Medium,6,15,58,15,16,15,7,12,12,65,NO,NO,NO,NO,NO,NO,NO,YES,YES,NO,YES
Gauth,Aberration,LE,Medium,6,15,67,10,14,16,15,15,13,70,NO,NO,NO,NO,NO,NO,NO,NO,YES,NO,NO
Mammoth,Beast,U,Huge,6,13,126,24,9,21,3,11,6,74,YES,NO,NO,NO,NO,NO,NO,NO,NO,NO,NO
Wyvern,Dragon,U,Large,6,13,110,19,1,16,5,12,6,59,NO,NO,NO,NO,NO,YES,YES,NO,NO,NO,NO
"White Dragon, Young",Dragon,CE,Large,6,14,135,18,10,18,6,11,12,75,YES,NO,NO,NO,NO,NO,NO,NO,NO,NO,NO
Galeb Duhr,Elemental,N,Medium,6,16,85,20,14,20,11,12,11,88,NO,NO,NO,NO,NO,YES,YES,NO,NO,NO,NO
Invisible Stalker,Elemental,N,Medium,6,14,104,16,19,14,10,15,11,85,NO,NO,NO,NO,NO,NO,NO,NO,NO,NO,YES
Annis Hag,Fey,CE,Large,6,17,75,21,12,14,13,14,15,74,NO,NO,NO,NO,NO,YES,YES,NO,NO,NO,NO
Chasme,Fiend (Demon),CE,Large,6,15,84,15,15,12,11,14,10,77,NO,NO,NO,NO,NO,NO,NO,NO,NO,NO,NO
Vrock,Fiend (Demon),CE,Large,6,15,104,17,15,18,8,13,8,79,NO,NO,NO,NO,NO,NO,NO,NO,NO,NO,NO
White Abishai,Fiend (Devil),LE,Medium,6,15,68,16,11,18,11,12,13,68,NO,NO,NO,NO,NO,NO,NO,NO,NO,NO,YES
Mouth of Grolantor,Giant,CE,Huge,6,14,105,21,10,18,5,7,5,61,NO,NO,NO,NO,YES,YES,NO,NO,NO,NO,NO
Conjurer,Humanoid,ANY,Medium,6,12,40,9,14,11,17,12,11,63,NO,NO,NO,NO,NO,NO,NO,NO,NO,NO,YES
Mage,Humanoid,ANY,Medium,6,12,40,9,14,11,17,12,11,74,NO,NO,NO,NO,NO,NO,NO,NO,NO,NO,YES
Duergar Warlord,Humanoid,LE,Medium,6,20,75,18,11,17,12,12,14,70,NO,NO,NO,NO,NO,NO,YES,NO,YES,NO,NO
Githzerai Zerth,Humanoid,LN,Medium,6,17,84,13,18,15,16,17,12,91,NO,NO,NO,NO,NO,NO,NO,NO,NO,NO,NO
Warlock of the Great Old One,Humanoid,ANY,Medium,6,12,91,9,14,15,12,12,18,62,YES,NO,NO,NO,NO,YES,YES,NO,YES,NO,YES
Hobgoblin Warlord,Humanoid,LE,Medium,6,20,97,16,14,16,14,11,15,86,NO,NO,NO,NO,NO,NO,NO,NO,NO,NO,NO
Kuo-Toa Archpriest,Humanoid,NE,Medium,6,13,97,16,14,16,13,16,14,89,NO,NO,NO,NO,NO,NO,NO,NO,YES,NO,NO
Chimera,Monstrosity,CE,Large,6,14,114,19,11,19,3,14,10,76,NO,NO,NO,NO,YES,YES,YES,NO,YES,NO,NO
Drider,Monstrosity,CE,Large,6,19,123,16,16,18,13,14,12,89,NO,NO,NO,NO,NO,NO,NO,NO,YES,NO,NO
Medusa,Monstrosity,LE,Medium,6,15,127,10,15,16,12,13,15,81,NO,NO,YES,NO,NO,NO,NO,NO,NO,NO,NO
Giant Crocodile,Beast,U,Huge,5,14,85,21,9,17,2,10,7,66,NO,NO,NO,NO,NO,NO,NO,YES,NO,NO,NO
Troll,Giant,CE,Large,5,15,84,18,13,20,7,9,7,74,YES,NO,NO,YES,NO,YES,YES,YES,YES,NO,NO
Catoblepas,Monstrosity,U,Large,5,14,84,19,12,21,3,14,8,69,NO,NO,NO,NO,NO,NO,NO,YES,NO,NO,NO
Adult Oblex,Ooze,LE,Medium,5,14,75,8,19,16,19,12,15,74,NO,NO,NO,NO,NO,NO,NO,YES,YES,NO,YES
Shambling Mound,Plant,U,Large,5,15,136,18,8,16,5,10,5,62,NO,NO,NO,YES,NO,NO,NO,YES,NO,NO,NO
Allip,Undead,NE,Medium,5,13,40,6,17,10,17,15,16,65,NO,NO,NO,NO,NO,NO,NO,YES,NO,NO,YES
Revenant,Undead,N,Medium,5,13,136,18,14,18,13,16,18,97,YES,NO,YES,YES,NO,YES,NO,YES,NO,NO,YES
Star Spawn Mangler,Aberration,CE,Medium,5,14,71,8,18,12,11,12,7,61,NO,NO,NO,NO,NO,NO,NO,NO,NO,NO,NO
Mindwitness,Aberration,LE,Large,5,15,75,10,14,14,15,15,10,68,NO,NO,NO,NO,NO,NO,NO,NO,YES,NO,NO
Red Slaad,Aberration,CN,Large,5,14,93,16,12,16,6,6,7,63,NO,NO,NO,NO,NO,NO,NO,NO,NO,NO,NO
Otyugh,Aberration,N,Large,5,14,114,16,11,19,6,13,6,71,NO,NO,NO,NO,NO,NO,NO,NO,YES,NO,NO
Swarm of Cranium Rats,Beast,LE,Tiny,5,12,36,9,14,10,15,11,14,59,NO,NO,NO,NO,NO,NO,NO,NO,YES,NO,YES
Triceratops,Beast,U,Huge,5,13,95,22,9,17,2,11,5,66,NO,NO,NO,NO,YES,NO,NO,NO,NO,NO,NO
Brontosaurus,Beast,U,Gargantuan,5,15,121,21,9,17,2,10,7,59,NO,NO,NO,YES,YES,NO,NO,NO,NO,NO,NO
Giant Shark,Beast,U,Huge,5,13,126,23,11,21,1,10,5,71,NO,NO,NO,NO,NO,NO,NO,NO,NO,YES,NO
Unicorn,Celestial,LG,Large,5,12,67,18,14,15,11,17,16,91,NO,NO,NO,YES,NO,NO,NO,NO,NO,NO,NO
Oaken Bolter,Construct,U,Medium,5,16,58,12,18,15,3,10,1,58,NO,NO,NO,YES,YES,YES,YES,NO,NO,NO,NO
Flesh Golem,Construct,N,Medium,5,9,93,19,9,18,6,10,5,67,NO,NO,NO,NO,NO,NO,NO,NO,NO,NO,NO
Gorgon,Construct,U,Large,5,19,114,20,11,18,2,12,7,70,NO,NO,NO,YES,YES,YES,NO,NO,NO,NO,NO
Xorn,Elemental,N,Medium,5,19,73,17,10,22,11,10,11,81,NO,NO,NO,NO,NO,NO,NO,NO,YES,NO,NO
Air Elemental,Elemental,N,Large,5,15,90,14,20,14,6,10,6,70,NO,NO,YES,NO,NO,NO,YES,NO,NO,NO,NO
Salamander,Elemental,NE,Large,5,15,90,18,14,15,11,10,12,80,NO,NO,NO,NO,NO,NO,NO,NO,YES,NO,NO
Fire Elemental,Elemental,N,large,5,13,102,10,17,16,6,10,7,66,NO,NO,YES,NO,NO,NO,NO,NO,NO,NO,NO
Earth Elemental,Elemental,N,Large,5,17,126,20,8,20,5,10,5,68,NO,NO,NO,NO,NO,NO,NO,NO,YES,NO,NO
Mezzoloth,Fiend,NE,Medium,5,18,75,18,11,16,7,10,11,73,NO,NO,NO,NO,NO,NO,NO,NO,NO,NO,NO
Cambion,Fiend,E,Medium,5,19,82,18,18,16,14,12,16,94,NO,NO,NO,NO,NO,NO,NO,NO,NO,NO,YES
Night Hag,Fiend,NE,Medium,5,17,112,18,15,16,16,14,16,95,NO,NO,NO,NO,NO,NO,NO,NO,NO,NO,NO
Barlgura,Fiend (Demon),CE,Large,5,15,68,18,15,16,7,14,9,79,NO,NO,NO,NO,NO,NO,NO,NO,NO,NO,NO
Tanarukk,Fiend (demon),CE,Medium,5,14,95,18,13,20,9,9,9,69,NO,NO,NO,NO,NO,YES,YES,NO,YES,NO,NO
Barbed Devil,Fiend (Devil),LE,Medium,5,15,110,16,17,18,12,14,14,91,NO,NO,NO,NO,NO,NO,NO,NO,NO,NO,NO
Hill Giant,Giant,CE,Huge,5,13,105,21,8,19,5,9,6,68,NO,NO,NO,NO,NO,YES,NO,NO,NO,NO,NO
Enchanter,Humanoid,ANY,Medium,5,12,40,9,14,11,17,12,11,63,NO,NO,NO,NO,NO,NO,NO,NO,NO,NO,YES
Transmuter,Humanoid,ANY,Medium,5,12,40,9,14,11,17,12,11,63,NO,NO,NO,NO,NO,NO,NO,NO,NO,NO,YES
Half-Red Dragon Veteran,Humanoid,ANY,Medium,5,18,65,16,13,14,10,11,10,74,NO,NO,NO,NO,NO,NO,NO,NO,NO,NO,NO
Drow Elite Warrior,Humanoid,NE,Medium,5,18,71,13,18,14,11,13,12,81,NO,NO,NO,NO,NO,NO,NO,NO,YES,NO,NO
Master Thief,Humanoid,ANY,Medium,5,16,84,11,18,14,11,11,12,65,NO,NO,NO,NO,NO,NO,NO,NO,NO,NO,YES
Gladiator,Humanoid,ANY,Medium,5,16,112,18,15,16,10,12,15,86,NO,NO,NO,NO,NO,NO,NO,NO,NO,NO,YES
Werebear,Humanoid,NG,Medium,5,11,135,19,10,17,11,12,12,81,YES,NO,NO,YES,NO,NO,NO,NO,NO,NO,NO
Banderhobb,Monstrosity,NE,Large,5,15,84,20,12,20,11,14,8,77,NO,NO,NO,NO,NO,NO,NO,NO,NO,NO,YES
Tlingcalli,Monstrosity,NE,Large,5,15,85,16,13,16,8,12,8,65,NO,NO,YES,NO,NO,NO,NO,NO,NO,NO,NO
Yuan-ti Pit Master,Monstrosity,NE,Medium,5,14,88,16,14,13,14,12,16,69,NO,NO,YES,YES,NO,NO,NO,NO,YES,NO,NO
Roper,Monstrosity,NE,Large,5,20,93,18,8,17,7,16,6,72,NO,NO,NO,NO,NO,NO,NO,NO,YES,NO,NO
Umber Hulk,Monstrosity,CE,Large,5,18,93,20,13,16,9,10,10,78,NO,NO,NO,NO,NO,NO,NO,NO,YES,NO,NO
Young Remorhaz,Monstrosity,U,Large,5,14,93,18,13,17,3,10,4,65,YES,NO,NO,NO,NO,NO,NO,NO,NO,NO,NO
Bulette,Monstrosity,U,Large,5,17,94,19,11,21,2,10,5,68,NO,NO,NO,NO,YES,YES,YES,NO,NO,NO,NO
Kruthik Hive Lord,Monstrosity,U,Large,5,20,102,19,16,17,10,14,10,76,NO,NO,YES,NO,NO,NO,YES,NO,YES,NO,NO
Wood Woad,Plant,LN,Medium,5,18,75,18,12,16,10,13,8,69,NO,NO,NO,YES,NO,NO,NO,NO,NO,NO,NO
Wraith,Undead,NE,Medium,5,13,67,6,16,16,12,14,15,79,NO,NO,NO,NO,NO,NO,NO,NO,YES,NO,NO
Spawn of Kyuss,Undead,CE,Medium,5,10,76,16,11,18,5,7,3,57,NO,NO,YES,NO,NO,NO,NO,NO,YES,NO,NO
Vampire Spawn,Undead,NE,Medium,5,15,82,16,16,16,11,10,12,81,NO,NO,NO,NO,NO,NO,NO,NO,YES,NO,YES
Beholder Zombie,Undead,NE,Large,5,15,93,10,8,16,3,8,5,50,NO,NO,NO,NO,NO,NO,NO,NO,YES,NO,NO
Warlock of the Archfey,Humanoid,ANY,Medium,4,11,49,9,13,11,11,12,18,56,YES,NO,NO,YES,NO,NO,YES,YES,NO,NO,YES
Neogi Master,Aberration,LE,Medium,4,15,71,6,16,14,16,12,18,64,NO,NO,NO,NO,NO,YES,NO,NO,YES,NO,NO
Chuul,Aberration,CE,Large,4,16,93,19,10,16,5,11,5,66,NO,NO,NO,NO,NO,NO,NO,NO,YES,NO,NO
Elephant,Beast,U,Huge,4,12,76,22,9,17,3,11,6,68,NO,NO,NO,NO,YES,NO,NO,NO,NO,NO,NO
Stegosaurus,Beast,U,Huge,4,13,76,20,9,17,2,11,5,59,NO,NO,NO,YES,YES,NO,NO,NO,NO,NO,NO
Couatl,Celestial,LG,Medium,4,19,97,16,20,17,18,20,18,109,NO,NO,YES,NO,YES,NO,NO,NO,NO,NO,YES
Iron Cobra,Construct,U,Medium,4,13,45,12,16,14,3,10,1,55,NO,NO,NO,YES,YES,YES,YES,NO,NO,NO,NO
Stone Defender,Construct,U,Medium,4,16,52,19,10,17,3,10,1,59,NO,NO,NO,YES,YES,YES,YES,NO,NO,NO,NO
Helmed Horror,Construct,N,Medium,4,20,60,18,13,16,10,10,10,77,NO,NO,NO,NO,NO,NO,NO,NO,NO,NO,NO
"Red Dragon, Wyrmling",Dragon,CE,Medium,4,17,75,19,10,17,12,11,15,84,NO,NO,NO,NO,NO,NO,NO,NO,NO,NO,NO
Yeth Hound,Fey,NE,Large,4,14,51,18,17,16,5,12,7,68,NO,NO,NO,YES,YES,YES,NO,NO,NO,NO,NO
Succubus/Incubus,Fiend,NE,Medium,4,15,66,8,17,13,15,12,20,85,NO,NO,NO,NO,NO,NO,NO,NO,NO,NO,YES
Barghest,Fiend,NE,Large,4,17,90,19,15,14,13,12,14,73,NO,NO,NO,YES,YES,YES,YES,NO,YES,NO,NO
Dybbuk,Fiend (Demon),CE,Medium,4,14,37,6,19,16,16,15,14,72,NO,NO,YES,NO,NO,NO,NO,NO,NO,NO,YES
Shadow Demon,Fiend (Demon),CE,Medium,4,13,66,1,17,12,14,13,14,71,NO,NO,NO,NO,NO,NO,NO,NO,NO,NO,NO
Babau,Fiend (Demon),CE,Medium,4,16,82,19,16,16,11,12,13,74,NO,NO,NO,NO,NO,NO,NO,NO,YES,NO,YES
Merregon,Fiend (Devil),LE,Medium,4,16,45,18,14,17,6,12,8,67,NO,NO,NO,NO,NO,NO,NO,NO,NO,NO,NO
Ogre Battering Ram,Giant,CE,Large,4,14,59,19,8,16,5,7,7,55,NO,NO,NO,NO,YES,YES,YES,NO,NO,NO,NO
Ettin,Giant,CE,large,4,12,85,21,8,17,6,10,8,70,NO,NO,NO,NO,NO,YES,YES,NO,YES,NO,NO
Hobgoblin Devastor,Humanoid,LE,Medium,4,13,45,13,12,14,16,13,11,68,NO,NO,NO,YES,YES,YES,NO,NO,NO,NO,NO
Orc Blade of Ilneval,Humanoid,CE,Medium,4,18,60,17,11,17,10,12,14,67,NO,NO,NO,YES,YES,YES,YES,NO,YES,NO,NO
Gnoll Fang of Yeenoghu,Humanoid,CE,Medium,4,14,65,17,15,15,10,11,13,81,NO,NO,YES,NO,YES,YES,NO,NO,NO,NO,NO
Lizard King/Queen,Humanoid,CE,Medium,4,15,78,17,12,15,11,11,15,81,NO,NO,NO,NO,NO,NO,NO,NO,NO,NO,NO
Wereboar,Humanoid,NE,Medium,4,11,78,17,10,15,10,11,8,71,NO,NO,NO,NO,YES,YES,NO,NO,NO,NO,NO
Orc War Chief,Humanoid,CE,Medium,4,16,93,18,12,18,11,11,16,86,NO,NO,NO,NO,NO,NO,NO,NO,NO,NO,NO
Weretiger,Humanoid,N,Medium,4,12,120,17,15,16,10,13,11,82,NO,NO,YES,NO,NO,NO,NO,NO,NO,NO,NO
Girallon,Monstrosity,U,Large,4,13,59,18,16,16,5,12,7,67,NO,NO,NO,YES,NO,NO,NO,NO,NO,NO,NO
Yuan-ti Mind Whisperer,Monstrosity,NE,Medium,4,14,71,16,14,13,14,14,16,71,NO,NO,YES,YES,NO,NO,NO,NO,YES,NO,NO
Yuan-ti Nightmare Speaker,Monstrosity,NE,Medium,4,14,71,16,14,13,14,12,16,69,NO,NO,YES,YES,NO,NO,NO,NO,YES,NO,NO
Lamia,Monstrosity,CE,Large,4,13,97,16,13,15,14,15,16,89,NO,NO,YES,NO,NO,NO,NO,NO,NO,NO,NO
Black Pudding,Ooze,U,Large,4,7,85,16,5,16,1,6,1,45,NO,NO,NO,NO,NO,NO,NO,NO,YES,NO,NO
Deathlock,Undead,NE,Medium,4,12,36,11,15,10,14,12,16,62,NO,NO,NO,NO,NO,NO,NO,NO,NO,NO,YES
Flameskull,Undead,NE,Tiny,4,13,40,1,17,14,16,10,11,69,NO,NO,NO,NO,NO,NO,NO,NO,YES,NO,NO
Ghost,Undead,ANY,Medium,4,11,45,7,13,10,10,12,17,69,NO,NO,NO,NO,NO,NO,NO,NO,YES,NO,YES
Bone Naga,Undead,LE,Large,4,15,58,15,16,12,15,15,16,89,NO,NO,NO,NO,NO,NO,NO,NO,YES,NO,NO
Flail Snail,Elemental,U,Large,3,16,52,17,5,20,3,10,5,55,NO,NO,NO,YES,NO,NO,NO,YES,YES,NO,NO
Redcap,Fey,CE,Small,3,13,45,18,13,18,10,12,9,71,NO,NO,NO,YES,NO,YES,NO,YES,NO,NO,NO
Green Hag,Fey,NE,Medium,3,17,82,18,12,16,13,14,14,87,NO,NO,NO,YES,NO,YES,NO,YES,NO,NO,NO
Yuan-Ti Malison,Monstrosity,NE,Medium,3,12,66,16,14,13,14,12,16,85,NO,NO,YES,YES,NO,NO,NO,YES,NO,NO,YES
Sword Wraith Warrior,Undead,LE,Medium,3,16,45,18,12,17,6,9,10,62,NO,NO,NO,NO,YES,NO,NO,YES,NO,NO,NO
Wight,Undead,NE,Medium,3,14,45,15,14,16,10,13,15,83,NO,NO,YES,NO,NO,NO,NO,YES,YES,NO,YES
Neogi,Aberration,LE,Small,3,15,33,6,16,14,13,12,15,61,NO,NO,NO,NO,NO,YES,NO,NO,YES,NO,NO
Spectator,Aberration,LN,Medium,3,14,39,8,14,14,13,14,11,74,NO,NO,NO,NO,NO,NO,NO,NO,YES,NO,NO
Grell,Aberration,NE,Medium,3,12,55,15,14,13,12,11,9,74,NO,NO,NO,NO,NO,NO,NO,NO,YES,NO,NO
Giant Scorpion,Beast,U,Large,3,15,52,15,13,15,1,9,3,56,NO,NO,YES,NO,NO,NO,NO,NO,NO,NO,NO
Ankylosaurus,Beast,U,Huge,3,15,68,19,11,15,2,12,5,64,NO,NO,NO,NO,YES,NO,NO,NO,NO,NO,NO
Killer Whale,Beast,U,Huge,3,12,90,19,10,13,3,12,7,64,NO,NO,NO,NO,NO,NO,NO,NO,NO,YES,NO
Duergar Screamer,Construct,LE,Medium,3,15,38,18,7,12,5,5,5,47,NO,NO,NO,NO,NO,NO,YES,NO,YES,NO,NO
"Blue Dragon, Wyrmling",Dragon,LE,Medium,3,17,52,17,10,15,12,11,15,80,NO,NO,NO,NO,NO,NO,NO,NO,NO,NO,NO
"Gold Dragon, Wyrmling",Dragon,LG,Medium,3,17,60,19,14,17,14,11,16,91,NO,NO,NO,NO,NO,NO,NO,NO,NO,NO,NO
Water Weird,Elemental,N,Large,3,13,58,17,16,13,11,10,10,77,NO,NO,NO,NO,NO,NO,NO,NO,YES,NO,YES
Hell Hound,Fiend,LE,Medium,3,15,45,17,12,14,6,13,6,68,NO,NO,NO,NO,NO,NO,YES,NO,YES,NO,NO
Nightmare,Fiend,NE,Large,3,13,68,18,15,16,10,13,15,87,NO,NO,NO,NO,NO,NO,NO,NO,NO,NO,NO
Bulezau,Fiend (Demon),CE,Medium,3,14,52,15,14,17,8,9,6,63,NO,NO,NO,NO,NO,NO,NO,NO,NO,NO,NO
Bearded Devil,Fiend (Devil),LE,Medium,3,13,52,16,15,15,9,11,11,77,NO,NO,NO,NO,NO,NO,NO,NO,NO,NO,NO
Ogre Chain Brute,Giant,CE,Large,3,11,59,19,8,16,5,7,7,55,NO,NO,NO,NO,YES,YES,YES,NO,NO,NO,NO
Derro Savant,Humanoid,CE,Small,3,13,36,9,14,12,11,5,14,51,NO,NO,NO,NO,NO,NO,NO,NO,YES,NO,NO
Illusionist,Humanoid,ANY,Medium,3,12,38,9,14,13,16,11,12,63,NO,NO,NO,NO,NO,NO,NO,NO,NO,NO,YES
Hobgoblin Captain,Humanoid,LE,Medium,3,17,39,15,14,14,12,10,13,78,NO,NO,YES,YES,YES,YES,NO,NO,YES,NO,NO
Githyanki Warrior,Humanoid,LE,Medium,3,17,46,15,14,12,13,13,10,77,NO,NO,NO,NO,NO,NO,NO,NO,NO,NO,NO
Knight,Humanoid,ANY,Medium,3,18,52,16,11,14,11,11,15,78,NO,NO,NO,NO,NO,NO,NO,NO,NO,NO,YES
Orc Red Fang of Shargaas,Humanoid,CE,Medium,3,15,52,11,16,15,9,11,9,62,NO,NO,NO,YES,NO,YES,YES,NO,YES,NO,YES
Werewolf,Humanoid,CE,Medium,3,12,58,15,13,14,10,11,10,73,NO,NO,NO,YES,NO,YES,NO,NO,NO,NO,NO
Giff,Humanoid,LN,Medium,3,16,60,18,14,17,11,12,12,72,NO,NO,NO,NO,NO,NO,NO,NO,NO,NO,YES
Martial Arts Adept,Humanoid,ANY,Medium,3,16,60,11,17,13,11,16,10,68,NO,NO,NO,NO,NO,NO,NO,NO,NO,NO,YES
Bugbear Chief,Humanoid,CE,Medium,3,17,65,17,14,14,11,12,11,79,NO,NO,NO,NO,NO,NO,NO,NO,NO,NO,NO
Archer,Humanoid,ANY,Medium,3,16,75,11,18,16,11,13,10,69,NO,NO,NO,YES,NO,NO,NO,NO,NO,NO,YES
Phase Spider,Monstrosity,U,Large,3,13,32,15,15,12,6,10,6,64,NO,NO,YES,YES,YES,YES,NO,NO,YES,NO,YES
Yeti,Monstrosity,CE,Large,3,12,51,18,13,16,8,12,7,74,YES,NO,NO,NO,NO,NO,NO,NO,NO,NO,NO
Basilisk,Monstrosity,U,Medium,3,15,52,16,8,15,2,8,7,56,NO,NO,NO,NO,NO,NO,YES,NO,NO,NO,NO
Doppelganger,Monstrosity,N,Medium,3,14,52,11,18,14,11,12,14,80,NO,NO,NO,NO,NO,NO,NO,NO,YES,NO,YES
Cave Fisher,Monstrosity,U,Medium,3,16,58,16,13,14,3,10,3,56,NO,NO,NO,NO,NO,NO,NO,NO,YES,NO,NO
Owlbear,Monstrosity,U,Large,3,13,59,20,12,17,3,12,7,71,NO,NO,NO,YES,NO,NO,NO,NO,NO,NO,NO
Choldrith,Monstrosity,CE,Medium,3,15,66,12,16,12,11,14,10,65,NO,NO,NO,NO,NO,NO,NO,NO,YES,NO,NO
Leucrotta,Monstrosity,CE,Large,3,14,67,18,14,15,9,12,6,68,NO,NO,YES,NO,YES,NO,NO,NO,NO,NO,NO
Hook Horror,Monstrosity,N,Large,3,15,75,18,10,15,6,12,7,68,NO,NO,NO,NO,NO,NO,NO,NO,YES,NO,NO
Winter Wolf,Monstrosity,NE,Large,3,13,75,18,13,14,7,12,8,72,YES,NO,NO,NO,NO,NO,NO,NO,NO,NO,NO
Minotaur,Monstrosity,CE,Large,3,14,76,18,11,16,6,16,9,76,NO,NO,NO,NO,NO,NO,NO,NO,YES,NO,NO
Displacer Beast,Monstrosity,LE,Large,3,13,85,18,15,16,6,12,8,75,NO,NO,NO,YES,NO,NO,NO,NO,NO,NO,NO
Trapper,Monstrosity,U,Large,3,13,85,17,10,17,2,13,4,59,NO,NO,NO,NO,NO,NO,NO,NO,YES,NO,NO
Slithering Tracker,Ooze,CE,Medium,3,14,32,16,19,15,10,14,11,74,NO,NO,NO,NO,NO,NO,NO,NO,YES,NO,YES
Deathlock Wight,Undead,NE,Medium,3,12,37,11,14,16,12,14,16,67,NO,NO,NO,NO,NO,NO,NO,NO,NO,NO,NO
Mummy,Undead,LE,Medium,3,11,58,16,8,15,6,10,12,67,NO,NO,YES,NO,NO,NO,NO,NO,NO,NO,NO
Swarm of Poisonous Snakes,Beast,U,Medium,2,14,36,8,18,11,1,10,3,51,NO,NO,NO,YES,NO,NO,NO,YES,NO,NO,NO
Giant Constrictor Snake,Beast,U,Huge,2,12,60,19,14,12,1,10,3,59,NO,NO,YES,YES,NO,NO,NO,YES,YES,YES,NO
Guard Drake,Dragon,U,Medium,2,14,52,16,11,16,4,10,7,57,YES,NO,YES,YES,NO,NO,YES,YES,YES,NO,YES
Darkling Elder,Fey,CN,Medium,2,15,27,13,17,12,10,14,13,66,NO,NO,NO,YES,NO,NO,NO,YES,YES,NO,YES
Meenlock,Fey,NE,Small,2,15,31,7,15,12,11,10,8,55,NO,NO,NO,YES,NO,NO,NO,YES,NO,NO,YES
Lizardfolk Shaman,Humanoid,N,Medium,2,13,27,15,10,13,10,15,8,71,NO,NO,NO,YES,NO,NO,NO,YES,NO,NO,NO
Orc Eye of Gruumsh,Humanoid,CE,Medium,2,16,45,16,12,16,9,13,12,78,YES,NO,NO,YES,YES,YES,YES,YES,YES,NO,NO
Shadow Mastiff,Monstrosity,NE,Medium,2,12,33,16,14,13,5,12,5,60,NO,NO,NO,YES,NO,YES,NO,YES,NO,NO,NO
Vegepygmy Chief,Plant,N,Small,2,14,33,14,14,14,7,12,9,61,NO,NO,NO,YES,NO,NO,NO,YES,NO,NO,NO
Will-O'-Wisp,Undead,CE,Tiny,2,19,22,1,28,10,13,14,11,77,NO,NO,NO,YES,NO,NO,NO,YES,NO,NO,YES
Ghast,Undead,CE,Medium,2,13,36,16,17,10,11,10,8,72,NO,NO,NO,NO,NO,NO,NO,YES,YES,NO,YES
Intellect Devourer,Aberration,LE,Tiny,2,12,21,6,14,13,12,11,10,66,NO,NO,NO,NO,NO,NO,NO,NO,YES,NO,NO
Berbalang,Aberration,NE,Medium,2,14,38,9,16,9,17,11,10,62,NO,NO,YES,NO,NO,NO,NO,NO,NO,NO,NO
Nothic,Aberration,NE,Medium,2,15,45,14,16,16,13,10,8,77,NO,NO,NO,NO,NO,NO,NO,NO,YES,NO,NO
Gibbering Mouther,Aberration,N,Medium,2,9,67,10,8,16,3,10,6,53,NO,NO,NO,NO,NO,NO,NO,NO,YES,NO,NO
Aurochs,Beast,U,Large,2,11,38,20,10,19,2,12,5,63,NO,NO,NO,NO,YES,YES,YES,NO,NO,NO,NO
Giant Boar,Beast,U,Large,2,12,42,17,10,16,2,7,5,57,NO,NO,NO,YES,YES,NO,NO,NO,NO,NO,NO
Giant Elk,Beast,U,Huge,2,14,42,19,16,14,7,14,10,80,NO,NO,NO,YES,YES,YES,YES,NO,NO,NO,NO
Polar Bear,Beast,U,Large,2,12,42,20,10,16,2,13,7,68,YES,NO,NO,NO,NO,NO,NO,NO,YES,NO,NO
Hunter Shark,Beast,U,Large,2,12,45,18,13,15,1,10,4,61,NO,NO,NO,NO,NO,NO,NO,NO,NO,YES,NO
Rhinoceros,Beast,U,Large,2,11,45,21,8,15,2,12,6,64,NO,NO,NO,NO,YES,NO,NO,NO,NO,NO,NO
Allosaurus,Beast,U,Large,2,13,51,19,13,17,2,12,5,68,NO,NO,NO,NO,YES,NO,NO,NO,NO,NO,NO
Saber-Toothed Tiger,Beast,U,Large,2,12,52,18,14,15,3,12,8,70,YES,NO,NO,NO,NO,NO,YES,NO,NO,NO,NO
Pegasus,Celestial,CG,Large,2,12,59,18,15,16,10,15,13,87,NO,NO,NO,YES,YES,YES,NO,NO,NO,NO,NO
Pentadrone,Construct,LN,Large,2,16,32,15,14,12,10,10,13,74,NO,NO,NO,NO,NO,NO,NO,NO,NO,NO,NO
Duergar Hammerer,Construct,LE,Medium,2,17,33,17,7,12,5,5,5,46,NO,NO,NO,NO,NO,NO,YES,NO,YES,NO,NO
Rug of Smothering,Construct,U,Large,2,12,33,17,14,10,1,3,1,46,NO,NO,NO,NO,NO,NO,NO,NO,NO,NO,NO
"Bronze Dragon, Wyrmling",Dragon,LG,Medium,2,17,32,17,10,15,12,11,15,80,NO,NO,NO,NO,NO,NO,NO,NO,NO,NO,NO
"White Dragon, Wyrmling",Dragon,CE,Medium,2,16,32,14,10,14,5,10,11,64,NO,NO,NO,NO,NO,NO,NO,NO,NO,NO,NO
"Black Dragon, Wyrmling",Dragon,CE,Medium,2,17,33,15,14,13,10,11,13,76,NO,NO,NO,NO,NO,NO,NO,NO,NO,NO,NO
"Green Dragon, Wyrmling",Dragon,LE,Medium,2,17,38,15,12,13,14,11,13,78,NO,NO,NO,NO,NO,NO,NO,NO,NO,NO,NO
"Silver Dragon, Wyrmling",Dragon,LG,Medium,2,17,45,19,10,17,12,11,15,84,NO,NO,NO,NO,NO,NO,NO,NO,NO,NO,NO
Azer,Elemental,LN,Medium,2,17,39,17,12,15,12,13,10,79,NO,NO,NO,NO,NO,NO,NO,NO,NO,NO,NO
Gargoyle,Elemental,CE,Medium,2,15,52,15,11,16,6,11,7,66,NO,NO,NO,NO,NO,NO,NO,NO,YES,NO,YES
Rutterkin,Fiend (Demon),CE,Medium,2,12,37,14,15,17,5,12,6,63,NO,NO,NO,NO,NO,NO,NO,NO,NO,NO,NO
Spined Devil,Fiend (Devil),LE,Small,2,15,110,10,15,12,11,14,8,70,NO,NO,NO,NO,NO,NO,NO,NO,NO,NO,NO
Ogre Bolt Launcher,Giant,CE,Large,2,13,59,19,12,16,5,7,7,59,NO,NO,NO,NO,YES,YES,YES,NO,NO,NO,NO
Ogre Howdah,Giant,CE,Large,2,13,59,19,8,16,5,7,7,55,NO,NO,NO,NO,YES,YES,YES,NO,NO,NO,NO
Duergar Kavalrachni,Humanoid,LE,Medium,2,16,26,14,11,14,11,10,9,60,NO,NO,NO,NO,NO,NO,YES,NO,YES,NO,NO
Duergar Xarrorn,Humanoid,LE,Medium,2,18,26,16,11,14,11,10,9,62,NO,NO,NO,NO,NO,NO,YES,NO,YES,NO,NO
Priest,Humanoid,ANY,Medium,2,13,27,10,10,12,13,16,13,74,NO,NO,NO,NO,NO,NO,NO,NO,NO,NO,YES
Orc Hand of Yurtrus,Humanoid,CE,Medium,2,12,30,12,11,16,11,14,9,64,NO,NO,NO,YES,YES,YES,YES,NO,YES,NO,NO
Hobgoblin Iron Shadow,Humanoid,LE,Medium,2,15,32,14,16,15,14,15,11,74,NO,NO,NO,YES,YES,YES,NO,NO,NO,NO,NO
Cult Fanatic,Humanoid,NOT GOOD,Medium,2,13,33,11,14,12,10,13,14,74,NO,NO,NO,NO,NO,NO,NO,NO,NO,NO,YES
Wererat,Humanoid,LE,Medium,2,12,35,10,15,12,11,10,8,66,NO,NO,NO,YES,YES,NO,NO,NO,NO,NO,YES
Githzerai Monk,Humanoid,LN,Medium,2,14,38,12,15,12,13,14,10,76,NO,NO,NO,NO,NO,NO,NO,NO,NO,NO,NO
Duergar Mind Master,Humanoid,LE,Medium,2,14,39,11,17,14,15,10,12,67,NO,NO,NO,NO,NO,NO,YES,NO,YES,NO,NO
Duergar Stone Guard,Humanoid,LE,Medium,2,18,39,18,11,14,11,10,9,64,NO,NO,NO,NO,NO,NO,YES,NO,YES,NO,NO
Orog,Humanoid,CE,Medium,2,18,42,18,12,18,12,11,12,83,YES,NO,NO,YES,YES,YES,YES,NO,YES,NO,NO
Bard,Humanoid,ANY,Medium,2,15,44,11,14,12,10,13,14,60,NO,NO,NO,NO,NO,NO,NO,NO,NO,NO,YES
Orc Claw of Luthic,Humanoid,CE,Medium,2,14,45,14,15,16,10,15,11,70,NO,NO,NO,NO,NO,NO,YES,NO,YES,NO,NO
Quaggoth,Humanoid,CN,Medium,2,13,45,17,12,16,6,12,7,70,NO,NO,NO,NO,NO,NO,NO,NO,YES,NO,NO
Yuan-ti Broodguard,Humanoid,NE,Medium,2,14,45,15,14,14,6,11,4,60,NO,NO,YES,YES,NO,NO,NO,NO,YES,NO,NO
Gnoll Pack Lord,Humanoid,CE,Medium,2,15,49,16,14,13,8,11,9,71,NO,NO,YES,YES,YES,YES,NO,NO,NO,NO,NO
Grung Elite Warrior,Humanoid,LE,Small,2,13,49,7,16,15,10,11,12,59,NO,NO,NO,YES,NO,NO,NO,NO,NO,NO,NO
Grick,Monstrosity,N,Medium,2,14,27,14,14,11,3,14,5,61,NO,NO,NO,YES,NO,NO,NO,NO,YES,NO,NO
Peryton,Monstrosity,CE,Medium,2,13,33,16,12,13,9,12,10,72,NO,NO,NO,NO,NO,YES,YES,NO,NO,NO,NO
Adult Kruthik,Monstrosity,U,Medium,2,18,39,15,16,15,7,12,8,65,NO,NO,YES,NO,NO,NO,YES,NO,YES,NO,NO
Ankheg,Monstrosity,U,Large,2,14,39,17,11,13,1,13,6,61,NO,NO,NO,YES,YES,NO,NO,NO,NO,NO,NO
Ettercap,Monstrosity,NE,Medium,2,13,44,14,15,13,7,12,8,69,NO,NO,NO,YES,NO,NO,NO,NO,NO,NO,NO
Centaur,Monstrosity,NG,Large,2,12,45,18,14,14,9,13,11,79,NO,NO,NO,YES,YES,NO,NO,NO,NO,NO,NO
Carrion Crawler,Monstrosity,U,Large,2,13,51,14,13,16,1,12,5,61,NO,NO,NO,NO,NO,NO,NO,NO,YES,NO,NO
Mimic,Monstrosity,N,Medium,2,12,58,17,12,15,5,13,8,70,NO,NO,NO,NO,NO,NO,NO,NO,YES,NO,YES
Ochre Jelly,Ooze,U,Large,2,8,45,15,6,14,2,6,1,44,NO,NO,NO,NO,NO,NO,NO,NO,YES,NO,NO
Gelatinous Cube,Ooze,U,Large,2,6,84,14,3,20,1,6,1,45,NO,NO,NO,NO,NO,NO,NO,NO,YES,NO,NO
Awakened Tree,Plant,U,Huge,2,13,59,19,6,15,10,10,7,67,NO,NO,NO,YES,NO,NO,NO,NO,NO,NO,NO
Myconid Sovereign,Plant,LN,Large,2,13,60,12,10,14,13,15,10,74,NO,NO,NO,NO,NO,NO,NO,NO,NO,NO,NO
Minotaur Skeleton,Undead,LE,Large,2,12,67,18,11,15,6,8,5,63,NO,NO,NO,NO,NO,NO,NO,NO,NO,NO,NO
Ogre Zombie,Undead,NE,Large,2,8,85,19,6,18,3,6,5,57,NO,NO,NO,NO,NO,NO,NO,NO,NO,NO,NO
Giant Spider,Beast,U,Large,1,14,26,14,16,12,2,11,4,59,NO,NO,YES,YES,NO,NO,NO,YES,YES,NO,YES
Vargouille,Fiend,CE,Tiny,1,12,13,6,14,14,4,7,2,45,NO,NO,YES,NO,NO,NO,NO,YES,YES,NO,NO
Meazel,Humanoid,NE,Medium,1,13,35,8,17,9,14,13,10,61,NO,NO,YES,YES,YES,YES,YES,YES,YES,NO,YES
Yuan-Ti Pureblood,Monstrosity,NE,Medium,1,11,40,11,12,11,13,12,14,73,NO,NO,YES,YES,NO,NO,NO,YES,NO,NO,YES
Thorny,Plant,N,Medium,1,14,27,13,12,13,2,10,6,50,NO,NO,NO,YES,NO,NO,NO,YES,NO,NO,NO
Ghoul,Undead,CE,Medium,1,12,22,13,15,10,7,10,6,61,NO,NO,NO,NO,NO,NO,NO,YES,YES,NO,YES
Choker,Aberration,CE,Small,1,16,13,16,14,13,4,12,7,59,NO,NO,NO,YES,NO,NO,YES,NO,NO,NO,YES
Giant Vulture,Beast,NE,Large,1,10,22,15,10,15,6,12,7,65,NO,NO,YES,NO,YES,NO,NO,NO,NO,NO,NO
Deinoychus,Beast,U,Medium,1,13,26,15,15,14,4,12,6,60,NO,NO,NO,NO,YES,YES,NO,NO,NO,NO,NO
Lion,Beast,U,Large,1,12,26,17,15,13,3,12,8,68,NO,NO,YES,NO,YES,YES,YES,NO,NO,NO,NO
Swarm of Quippers,Beast,U,Medium,1,13,28,13,16,9,1,7,2,48,NO,NO,NO,NO,NO,NO,NO,NO,NO,YES,NO
Brown Bear,Beast,U,Large,1,11,34,19,10,16,2,13,7,67,YES,NO,NO,YES,NO,NO,NO,NO,NO,NO,NO
Dire Wolf,Beast,U,Large,1,14,37,17,15,15,3,12,7,69,NO,NO,NO,YES,NO,YES,NO,NO,NO,NO,NO
Tiger,Beast,U,Large,1,12,37,17,15,14,3,12,8,69,NO,NO,NO,YES,YES,NO,NO,NO,NO,NO,NO
Giant Hyena,Beast,U,Large,1,12,45,16,14,14,2,12,7,65,NO,NO,YES,YES,YES,YES,NO,NO,NO,NO,NO
Giant Octopus,Beast,U,Large,1,11,52,17,13,13,4,10,4,61,NO,NO,NO,NO,NO,NO,NO,NO,NO,YES,NO
Bronze Scout,Construct,U,Medium,1,13,18,10,16,11,3,14,1,54,NO,NO,NO,YES,YES,YES,YES,NO,NO,NO,NO
Stone Cursed,Construct,LE,Medium,1,17,19,18,5,14,5,8,7,50,NO,NO,YES,NO,NO,NO,YES,NO,NO,NO,YES
Quadrone,Construct,LN,Medium,1,16,22,12,14,12,10,10,11,69,NO,NO,NO,NO,NO,NO,NO,NO,NO,NO,NO
Animated Armor,Construct,U,Medium,1,18,33,14,11,13,1,3,1,43,NO,NO,NO,NO,NO,NO,NO,NO,NO,NO,NO
Scarecrow,Construct,CE,Medium,1,11,36,11,13,11,10,10,13,68,NO,NO,NO,NO,YES,NO,NO,NO,NO,NO,NO
Faerie Dragon,Dragon,CG,Tiny,1,15,14,3,20,13,14,12,16,78,NO,NO,NO,YES,NO,NO,NO,NO,NO,NO,NO
"Brass Dragon, Wyrmling",Dragon,CG,Medium,1,16,16,15,10,13,10,11,13,72,NO,NO,NO,NO,NO,NO,NO,NO,NO,NO,NO
"Copper Dragon, Wyrmling",Dragon,CG,Medium,1,16,22,15,12,13,14,11,13,78,NO,NO,NO,NO,NO,NO,NO,NO,NO,NO,NO
Fire Snake,Elemental,NE,Medium,1,14,22,12,14,11,7,10,8,62,NO,NO,NO,NO,NO,NO,NO,NO,YES,NO,NO
Quickling,Fey,CE,Tiny,1,16,10,4,23,13,10,12,7,62,NO,NO,NO,YES,NO,NO,NO,NO,NO,NO,NO
Dryad,Fey,N,Medium,1,11,22,1,12,11,14,15,18,71,NO,NO,NO,YES,NO,NO,NO,NO,NO,NO,NO
Quasit,Fiend (Demon),CE,Tiny,1,13,7,5,17,10,7,10,10,59,NO,NO,NO,NO,NO,NO,NO,NO,NO,NO,NO
Maw Demon,Fiend (Demon),CE,Medium,1,13,33,14,8,13,5,8,5,48,NO,NO,NO,NO,NO,NO,NO,NO,YES,NO,NO
Imp,Fiend (Devil),LE,Tiny,1,13,10,6,17,13,11,12,14,73,NO,NO,NO,NO,NO,NO,NO,NO,NO,NO,NO
Half Ogre,Giant,C,Large,1,12,30,17,10,14,7,9,10,67,YES,NO,YES,YES,NO,YES,YES,NO,YES,NO,YES
Nilbog,Humanoid,CE,Small,1,13,7,8,14,10,10,8,15,50,NO,NO,NO,YES,NO,YES,NO,NO,YES,NO,NO
Duergar Soulblade,Humanoid,LE,Medium,1,14,18,11,16,10,11,10,12,58,NO,NO,NO,NO,NO,NO,YES,NO,YES,NO,NO
Goblin Boss,Humanoid,NE,small,1,17,21,10,14,10,10,8,10,62,NO,NO,NO,YES,YES,YES,NO,NO,YES,NO,NO
Gnoll Flesh Gnawer,Humanoid,CE,Medium,1,14,22,12,14,12,8,10,8,56,YES,NO,NO,YES,YES,YES,NO,NO,NO,NO,NO
Xvart Warlock of Raxivort,Humanoid,CE,Small,1,12,22,8,14,12,8,11,12,53,NO,NO,NO,NO,NO,YES,NO,NO,YES,NO,NO
Duergar,Humanoid,LE,Medium,1,16,26,14,11,14,11,10,9,69,NO,NO,NO,NO,NO,NO,NO,NO,YES,NO,NO
Bugbear,Humanoid,CE,Medium,1,16,27,15,14,13,8,11,9,70,NO,NO,NO,YES,YES,NO,NO,NO,YES,NO,NO
Grung Wildling,Humanoid,LE,Small,1,13,27,7,16,15,10,15,11,63,NO,NO,NO,YES,NO,NO,NO,NO,NO,NO,NO
Kobold Scale Sorcerer,Humanoid,LE,Small,1,15,27,7,15,14,10,9,14,55,NO,NO,NO,YES,NO,YES,YES,NO,YES,NO,YES
Spy,Humanoid,ANY,Medium,1,12,27,1,15,10,12,14,16,68,NO,NO,NO,NO,NO,NO,NO,NO,NO,NO,YES
Firenewt Warlock of Imix,Humanoid,NE,Medium,1,10,33,13,11,12,9,11,14,56,NO,NO,NO,NO,NO,YES,YES,NO,YES,NO,NO
Thri-Kreen,Humanoid,CN,Medium,1,15,33,12,15,13,8,12,7,67,NO,NO,YES,NO,YES,NO,NO,NO,NO,NO,NO
Kobold Dragonshield,Humanoid,LE,Small,1,15,44,12,15,14,8,9,10,58,NO,NO,NO,YES,NO,YES,YES,NO,YES,NO,NO
Kuo-Toa Whip,Humanoid,NE,Medium,1,11,65,14,10,14,12,14,11,75,NO,NO,NO,NO,NO,NO,NO,NO,YES,NO,NO
Hippogriff,Monstrosity,U,Large,1,11,19,17,13,13,2,12,8,65,NO,NO,NO,NO,YES,YES,YES,NO,NO,NO,NO
Giant Strider,Monstrosity,NE,Large,1,14,22,18,13,14,4,12,6,61,NO,NO,NO,NO,NO,YES,YES,NO,YES,NO,NO
Female Steeder,Monstrosity,U,Large,1,14,30,15,16,14,2,10,3,57,NO,NO,NO,NO,NO,NO,NO,NO,YES,NO,NO
Death Dog,Monstrosity,NE,Medium,1,12,39,15,14,14,3,13,6,65,NO,NO,YES,NO,NO,NO,NO,NO,NO,NO,NO
Quaggoth Spore Servant,Plant,U,Medium,1,13,45,17,12,16,2,6,1,54,NO,NO,NO,NO,NO,NO,NO,NO,YES,NO,NO
Specter,Undead,CE,Medium,1,12,22,1,14,11,10,10,11,57,NO,NO,NO,NO,NO,NO,NO,NO,YES,NO,YES
Swarm of Rot Grubs,Beast,U,Medium, 1/2,8,22,2,7,10,1,2,1,22,NO,NO,NO,NO,NO,NO,NO,YES,YES,NO,NO
Crocodile,Beast,U,Large, 1/2,12,19,15,10,13,2,10,5,55,NO,NO,NO,NO,NO,NO,NO,YES,NO,NO,YES
Swarm of Insects,Beast,U,Medium, 1/2,12,22,3,13,10,1,7,1,35,NO,NO,YES,YES,YES,NO,NO,YES,YES,NO,YES
Darkling,Fey,CN,Small, 1/2,14,13,9,16,12,10,12,10,59,NO,NO,NO,YES,NO,NO,NO,YES,YES,NO,YES
Orc,Humanoid,CE,Medium, 1/2,13,15,16,12,16,7,11,10,72,YES,NO,NO,YES,YES,YES,YES,YES,YES,NO,NO
Lizardfolk,Humanoid,N,Medium, 1/2,15,22,15,10,13,7,12,7,64,NO,NO,NO,YES,NO,NO,NO,YES,NO,NO,NO
Gazer,Aberration,NE,Tiny, 1/2,13,13,3,17,14,3,10,7,47,NO,NO,NO,NO,NO,NO,NO,NO,NO,NO,NO
Giant Wasp,Beast,U,Medium, 1/2,12,13,10,14,10,1,10,3,48,NO,NO,NO,YES,YES,NO,NO,NO,NO,NO,YES
Giant Sea Horse,Beast,U,Large, 1/2,13,16,12,15,11,2,12,5,57,NO,NO,NO,NO,NO,NO,NO,NO,NO,YES,NO
Ape,Beast,U,Medium, 1/2,12,19,16,14,14,6,12,7,69,NO,NO,NO,YES,NO,NO,NO,NO,NO,NO,NO
Black Bear,Beast,U,Medium, 1/2,11,19,15,10,14,2,12,7,60,NO,NO,NO,YES,NO,NO,NO,NO,NO,NO,NO
Giant Goat,Beast,U,Large, 1/2,11,19,17,11,12,3,12,6,61,NO,NO,NO,NO,YES,NO,YES,NO,NO,NO,NO
Warhorse,Beast,U,Large, 1/2,11,19,18,12,13,2,12,7,64,NO,NO,NO,NO,NO,NO,NO,NO,NO,NO,YES
Reef Shark,Beast,U,Medium, 1/2,12,22,14,13,13,1,10,4,55,NO,NO,NO,NO,NO,NO,NO,NO,NO,YES,NO
Tridrone,Construct,LN,Medium, 1/2,15,16,12,13,12,9,10,9,65,NO,NO,NO,NO,NO,NO,NO,NO,NO,NO,NO
Magmin,Elemental,CN,Small, 1/2,14,9,7,15,12,8,11,10,63,NO,NO,NO,NO,NO,NO,NO,NO,NO,NO,NO
Dust Mephit,Elemental,NE,Small, 1/2,12,17,5,14,10,9,11,10,59,NO,NO,YES,NO,NO,NO,NO,NO,NO,NO,NO
Ice Mephit,Elemental,NE,Small, 1/2,11,21,7,13,10,9,11,12,62,YES,NO,NO,NO,NO,NO,NO,NO,NO,NO,NO
Magma Mephit,Elemental,NE,Small, 1/2,11,22,8,12,12,7,10,10,59,NO,NO,NO,NO,NO,NO,NO,NO,YES,NO,NO
Satyr,Fey,CN,Medium, 1/2,14,31,12,16,11,12,10,14,75,NO,NO,NO,YES,NO,NO,NO,NO,NO,NO,NO
Nupperibo,Fiend (Devil),LE,Medium, 1/2,13,11,16,11,13,3,8,1,51,NO,NO,NO,NO,NO,NO,NO,NO,NO,NO,NO
Firenewt Warrior,Humanoid,NE,Medium, 1/2,16,22,10,13,12,7,11,8,53,NO,NO,YES,NO,NO,YES,YES,NO,YES,NO,NO
Gnoll Hunter,Humanoid,CE,Medium, 1/2,13,22,14,14,12,8,12,8,60,YES,NO,NO,YES,YES,YES,NO,NO,NO,NO,NO
Orc Nurtured One of Yurtrus,Humanoid,CE,Medium, 1/2,9,30,15,8,16,7,11,7,57,NO,NO,NO,YES,YES,YES,YES,NO,YES,NO,NO
Hobgoblin,Humanoid,LE,Medium, 1/2,18,11,13,12,12,10,10,9,66,NO,NO,YES,YES,YES,NO,NO,NO,YES,NO,NO
"Gnome, Deep (Svirfneblin)",Humanoid,NG,Small, 1/2,15,16,15,14,14,12,10,9,74,NO,NO,NO,NO,NO,NO,NO,NO,NO,NO,NO
Jackalwere,Humanoid,CE,Medium, 1/2,12,18,11,15,11,13,11,10,71,NO,NO,YES,NO,YES,NO,NO,NO,NO,NO,NO
Gnoll,Humanoid,CE,Medium, 1/2,15,22,14,12,11,6,10,7,60,NO,NO,YES,YES,YES,NO,NO,NO,NO,NO,NO
Thug,Humanoid,NOT GOOD,Medium, 1/2,11,32,15,11,14,10,10,11,71,NO,NO,NO,NO,NO,NO,NO,NO,NO,NO,YES
Chitine,Monstrosity,CE,Small, 1/2,14,18,10,14,12,10,10,7,56,NO,NO,NO,NO,NO,NO,NO,NO,YES,NO,NO
Darkmantle,Monstrosity,U,Small, 1/2,11,22,16,12,13,2,10,5,58,NO,NO,NO,NO,NO,NO,NO,NO,YES,NO,NO
Piercer,Monstrosity,U,Medium, 1/2,15,22,10,13,16,1,7,3,50,NO,NO,NO,NO,NO,NO,NO,NO,YES,NO,NO
Worg,Monstrosity,NE,Large, 1/2,13,26,16,13,13,7,11,8,68,NO,NO,NO,YES,YES,NO,NO,NO,NO,NO,NO
Cockatrice,Monstrosity,U,Small, 1/2,11,27,6,12,12,2,13,5,50,NO,NO,NO,NO,YES,NO,NO,NO,NO,NO,NO
Rust Monster,Monstrosity,U,Medium, 1/2,14,27,13,12,13,2,13,6,59,NO,NO,NO,NO,NO,NO,NO,NO,YES,NO,NO
Gray Ooze,Ooze,U,Medium, 1/2,8,22,12,6,16,1,6,2,43,NO,NO,NO,NO,NO,NO,NO,NO,YES,NO,NO
Gas Spore,Plant,U,Large, 1/2,5,1,5,1,3,1,1,1,12,NO,NO,NO,NO,NO,NO,NO,NO,YES,NO,NO
Myconid Adult,Plant,LN,Medium, 1/2,12,22,10,10,12,10,13,7,62,NO,NO,NO,NO,NO,NO,NO,NO,YES,NO,NO
Vine Blight,Plant,NE,Medium, 1/2,12,26,15,8,14,5,10,3,55,NO,NO,NO,YES,NO,NO,NO,NO,NO,NO,NO
Shadow,Undead,CE,Medium, 1/2,12,16,6,14,13,6,10,8,57,NO,NO,NO,NO,NO,NO,NO,NO,YES,NO,YES
Warhorse Skeleton,Undead,LE,Large, 1/2,13,22,18,12,15,2,8,5,60,NO,NO,NO,NO,NO,NO,NO,NO,NO,NO,NO
Star Spawn Grue,Aberration,NE,Small, 1/4,11,17,6,13,10,9,11,6,49,NO,NO,NO,NO,NO,NO,YES,YES,NO,NO,NO
Hadrosaurus,Beast,U,Large, 1/4,11,19,15,10,13,2,10,5,50,NO,NO,NO,NO,YES,NO,NO,YES,NO,NO,NO
Giant Poisonous Snake,Beast,U,Medium, 1/4,14,11,10,18,13,2,10,3,56,NO,NO,YES,YES,YES,NO,NO,YES,YES,NO,YES
Constrictor Snake,Beast,U,large, 1/4,12,13,15,14,12,1,10,3,55,NO,NO,YES,YES,NO,NO,NO,YES,NO,YES,NO
Giant Frog,Beast,U,Medium, 1/4,11,18,12,13,11,2,10,3,51,NO,NO,NO,YES,NO,NO,NO,YES,NO,NO,NO
Swarm of Rats,Beast,U,Medium, 1/4,10,24,9,11,9,2,10,3,44,NO,NO,NO,NO,NO,NO,NO,YES,NO,NO,YES
Swarm of Ravens,Beast,U,Medium, 1/4,12,24,6,14,8,3,12,6,49,NO,NO,NO,YES,NO,YES,NO,YES,NO,NO,YES
Mud Mephit,Elemental,NE,Small, 1/4,11,27,8,12,12,9,11,7,59,NO,NO,NO,NO,NO,NO,NO,YES,NO,NO,NO
Bullywug,Humanoid,NE,Medium, 1/4,15,11,12,12,13,7,10,7,61,NO,NO,NO,NO,NO,NO,NO,YES,NO,NO,NO
The Wretched,Monstrosity,NE,Small, 1/4,15,10,7,12,9,5,6,5,39,NO,NO,NO,NO,NO,NO,YES,YES,YES,NO,YES
Vegepygmy,Plant,N,Small, 1/4,13,9,7,14,13,6,11,7,51,NO,NO,NO,NO,NO,NO,NO,YES,NO,NO,NO
Velociraptor,Beast,U,Tiny, 1/4,13,10,6,14,13,4,12,6,49,NO,NO,NO,YES,YES,NO,NO,NO,NO,NO,NO
Cow,Beast,U,Large, 1/4,10,15,18,10,14,2,10,4,54,NO,NO,NO,NO,YES,NO,NO,NO,YES,NO,YES
Giant Centipede,Beast,U,small, 1/4,13,4,5,14,12,1,7,3,42,NO,NO,NO,NO,NO,NO,NO,NO,YES,NO,YES
Boar,Beast,U,Medium, 1/4,11,11,13,11,12,2,9,5,52,NO,NO,NO,YES,YES,YES,NO,NO,NO,NO,NO
Wolf,Beast,U,Medium, 1/4,13,11,12,15,12,3,12,6,60,NO,NO,NO,YES,YES,YES,NO,NO,NO,NO,NO
Elk,Beast,U,Large, 1/4,10,13,16,10,12,2,10,6,56,NO,NO,NO,YES,YES,YES,NO,NO,NO,NO,NO
Giant Badger,Beast,U,Medium, 1/4,10,13,13,10,15,2,12,5,57,NO,NO,NO,YES,NO,NO,NO,NO,NO,NO,NO
Panther,Beast,U,Medium, 1/4,12,13,14,15,10,3,14,7,63,NO,NO,NO,YES,YES,YES,NO,NO,NO,NO,NO
Riding Horse,Beast,U,Large, 1/4,10,13,16,10,12,2,11,7,58,NO,NO,NO,NO,YES,NO,NO,NO,NO,NO,YES
Axe Beak,Beast,U,Large, 1/4,11,19,14,12,12,2,10,5,55,NO,NO,NO,NO,YES,YES,NO,NO,NO,NO,NO
Draft Horse,Beast,U,Large, 1/4,10,19,18,10,12,2,11,7,60,NO,NO,NO,NO,NO,NO,NO,NO,NO,NO,YES
Giant Owl,Beast,U,Large, 1/4,12,19,13,15,12,8,13,10,71,YES,NO,NO,YES,NO,YES,NO,NO,NO,NO,NO
Giant Bat,Beast,U,Large, 1/4,13,22,15,16,11,2,12,6,62,NO,NO,NO,YES,NO,NO,NO,NO,YES,NO,NO
Swarm of Bats,Beast,U,Medium, 1/4,12,22,5,15,10,2,12,4,48,NO,NO,NO,NO,NO,YES,YES,NO,YES,NO,YES
Duodrone,Construct,LN,Medium, 1/4,15,11,11,13,12,6,10,7,59,NO,NO,NO,NO,NO,NO,NO,NO,NO,NO,NO
Flying Sword,Construct,U,Small, 1/4,17,17,12,15,11,1,5,1,45,NO,NO,NO,NO,NO,NO,NO,NO,NO,NO,NO
Steam Mephit,Elemental,NE,Small, 1/4,10,21,5,11,10,11,10,12,59,NO,NO,NO,NO,NO,NO,NO,NO,NO,YES,NO
Smoke Mephit,Elemental,NE,Small, 1/4,12,22,6,14,12,10,10,11,63,NO,NO,NO,NO,NO,NO,NO,NO,NO,NO,YES
Pixie,Fey,NG,Tiny, 1/4,15,1,2,20,8,10,14,15,69,NO,NO,NO,YES,NO,NO,NO,NO,NO,NO,NO
Sprite,Fey,NG,Tiny, 1/4,15,2,3,18,10,14,13,11,69,NO,NO,NO,YES,NO,NO,NO,NO,NO,NO,NO
Blink Dog,Fey,LG,Medium, 1/4,13,22,12,17,12,10,13,11,75,NO,NO,NO,YES,NO,NO,NO,NO,NO,NO,NO
Abyssal Wretch,Fiend (Demon),CE,Medium, 1/4,11,18,9,12,11,5,8,5,45,NO,NO,NO,NO,NO,NO,NO,NO,NO,NO,NO
Dretch,Fiend (Demon),CE,small, 1/4,11,18,11,11,12,5,8,3,50,NO,NO,NO,NO,NO,NO,NO,NO,NO,NO,NO
Apprentice Wizard,Humanoid,ANY,Medium, 1/4,10,9,10,10,10,14,10,11,54,NO,NO,NO,NO,NO,NO,NO,NO,NO,NO,YES
Grung,Humanoid,LE,Small, 1/4,12,11,7,14,15,10,11,10,57,NO,NO,NO,YES,NO,NO,NO,NO,NO,NO,NO
Derro,Humanoid,CE,Small, 1/4,13,13,10,14,12,11,5,9,52,NO,NO,NO,NO,NO,NO,YES,NO,YES,NO,NO
Kobold Inventor,Humanoid,LE,Small, 1/4,12,13,7,15,12,8,7,8,49,NO,NO,NO,YES,NO,YES,YES,NO,YES,NO,YES
Goblin,Humanoid,NE,small, 1/4,15,7,8,14,10,10,8,8,58,NO,NO,NO,YES,YES,YES,NO,NO,YES,NO,NO
Acolyte,Humanoid,ANY,Medium, 1/4,10,9,10,10,10,10,14,11,65,NO,NO,NO,NO,NO,NO,NO,NO,NO,NO,YES
Grimlock,Humanoid,NE,Medium, 1/4,11,11,16,12,12,9,8,6,63,NO,NO,NO,NO,NO,NO,NO,NO,YES,NO,NO
Aarakocra,Humanoid,NG,Medium, 1/4,12,13,10,14,10,11,12,11,68,NO,NO,NO,NO,NO,NO,YES,NO,NO,NO,NO
Drow,Humanoid,NE,Medium, 1/4,15,13,10,14,10,11,11,12,68,NO,NO,NO,NO,NO,NO,NO,NO,YES,NO,NO
Kenku,Humanoid,CN,Medium, 1/4,13,13,10,16,10,11,10,10,67,NO,NO,NO,YES,NO,NO,NO,NO,NO,NO,YES
Troglodyte,Humanoid,CE,Medium, 1/4,11,13,14,10,14,6,10,6,60,NO,NO,NO,NO,NO,NO,NO,NO,YES,NO,NO
Kuo-Toa,Humanoid,NE,Medium, 1/4,13,18,13,10,11,11,10,8,63,NO,NO,NO,NO,NO,NO,NO,NO,YES,NO,NO
Male Steeder,Monstrosity,U,Medium, 1/4,12,13,15,12,14,2,10,3,53,NO,NO,NO,NO,NO,NO,NO,NO,YES,NO,NO
Oblex Spawn,Ooze,LE,Tiny, 1/4,13,18,8,16,15,14,11,10,64,NO,NO,NO,NO,NO,NO,NO,NO,YES,NO,YES
Needle Blight,Plant,NE,Medium, 1/4,12,11,12,12,13,4,8,3,52,NO,NO,NO,YES,NO,NO,NO,NO,NO,NO,NO
Violet Fungus,Plant,U,Medium, 1/4,5,18,3,1,10,1,3,1,19,NO,NO,NO,NO,NO,NO,NO,NO,YES,NO,NO
Gnoll Witherling,Undead,CE,Medium, 1/4,12,11,14,8,12,5,5,5,44,YES,NO,NO,YES,YES,YES,NO,NO,NO,NO,NO
Skeleton,Undead,LE,Medium, 1/4,13,13,10,14,15,6,8,5,58,NO,NO,NO,NO,NO,NO,NO,NO,NO,NO,YES
Zombie,Undead,NE,Medium, 1/4,8,22,13,6,16,3,6,5,49,NO,NO,NO,NO,NO,NO,NO,NO,NO,NO,YES
Giant Rat,Beast,U,Small, 1/8,12,7,7,15,11,2,10,4,49,NO,NO,NO,YES,NO,NO,NO,YES,YES,NO,YES
Neogi Hatchling,Aberration,LE,Tiny, 1/8,11,7,3,13,10,6,10,9,42,NO,NO,NO,NO,NO,YES,NO,NO,YES,NO,NO
Flumph,Aberration,LG,Small, 1/8,12,7,6,15,10,14,14,11,70,NO,NO,NO,NO,NO,NO,NO,NO,YES,NO,NO
Slaad Tadpole,Aberration,CN,Tiny, 1/8,12,10,7,15,10,3,5,3,43,NO,NO,NO,NO,NO,NO,NO,NO,NO,NO,NO
Flying Snake,Beast,U,Tiny, 1/8,14,5,4,18,11,2,12,5,52,NO,NO,YES,YES,YES,NO,NO,NO,NO,NO,YES
Mastiff,Beast,U,Medium, 1/8,12,5,13,14,12,3,12,7,61,NO,NO,NO,YES,NO,YES,NO,NO,NO,NO,YES
Giant Weasel,Beast,U,Medium, 1/8,13,9,11,16,10,4,12,5,58,NO,NO,NO,YES,YES,YES,NO,NO,NO,NO,NO
Mule,Beast,U,Medium, 1/8,10,11,14,10,13,2,10,5,54,NO,NO,YES,NO,NO,YES,NO,NO,NO,NO,YES
Pony,Beast,U,Medium, 1/8,10,11,15,10,13,2,11,7,58,NO,NO,NO,NO,NO,NO,NO,NO,NO,NO,YES
Camel,Beast,U,Large, 1/8,9,15,16,8,14,2,8,5,53,NO,NO,YES,NO,NO,NO,NO,NO,NO,NO,NO
Monodrone,Construct,LN,Medium, 1/8,15,5,1,13,12,4,10,5,45,NO,NO,NO,NO,NO,NO,NO,NO,NO,NO,NO
Boggle,Fey,CN,Small, 1/8,14,18,8,18,13,6,12,7,57,NO,NO,NO,YES,NO,YES,NO,NO,YES,NO,YES
Manes,Fiend (Demon),CE,Small, 1/8,9,9,10,9,13,3,8,4,47,NO,NO,NO,NO,NO,NO,NO,NO,NO,NO,NO
Xvart,Humanoid,CE,Small, 1/8,13,7,8,14,10,8,7,7,47,NO,NO,NO,NO,NO,YES,NO,NO,YES,NO,NO
Cultist,Humanoid,NOT GOOD,Medium, 1/8,12,9,11,12,10,10,11,10,64,NO,NO,NO,NO,NO,NO,NO,NO,NO,NO,YES
Noble,Humanoid,ANY,Medium, 1/8,15,9,11,12,11,12,14,16,76,NO,NO,NO,NO,NO,NO,NO,NO,NO,NO,YES
Young Kruthik,Monstrosity,U,Small, 1/8,16,9,13,16,13,4,10,6,56,NO,NO,YES,NO,NO,NO,YES,NO,YES,NO,NO
Twig Blight,Plant,NE,Small, 1/8,13,4,6,13,12,4,8,3,46,NO,NO,NO,YES,NO,NO,NO,NO,NO,NO,NO
Rat,Beast,U,Tiny,0,10,1,2,11,9,2,10,4,38,NO,NO,NO,NO,NO,NO,NO,YES,NO,NO,YES
Raven,Beast,U,Tiny,0,12,1,2,14,8,2,12,6,44,NO,NO,NO,NO,NO,YES,NO,YES,NO,NO,YES
Bat,Beast,U,Tiny,0,12,1,2,15,8,2,12,4,43,NO,NO,NO,NO,NO,NO,NO,NO,NO,NO,NO
Frog,Beast,U,Tiny,0,11,1,1,13,8,1,8,3,34,NO,NO,NO,NO,NO,NO,NO,NO,NO,NO,NO
Owl,Beast,U,Tiny,0,11,1,3,13,8,2,12,7,45,YES,NO,NO,YES,NO,NO,NO,NO,NO,NO,NO
Quipper,Beast,U,Tiny,0,13,1,2,16,9,1,7,2,37,NO,NO,NO,NO,NO,NO,NO,NO,NO,YES,NO
Scorpion,Beast,U,Tiny,0,11,1,2,11,8,1,8,2,32,NO,NO,YES,NO,NO,NO,NO,NO,NO,NO,NO
Sea Horse,Beast,U,Tiny,0,11,1,1,12,8,1,10,2,34,NO,NO,NO,NO,NO,NO,NO,NO,NO,NO,NO
Spider,Beast,U,Tiny,0,12,1,2,14,8,1,10,2,37,NO,NO,NO,NO,NO,NO,NO,NO,NO,NO,NO
Weasel,Beast,U,Tiny,0,13,1,3,16,8,2,12,3,44,NO,NO,NO,NO,NO,NO,NO,NO,NO,NO,NO
Cat,Beast,U,Tiny,0,12,2,3,15,10,3,12,7,50,NO,NO,YES,YES,YES,NO,NO,NO,NO,NO,YES
Cranium Rat,Beast,LE,Tiny,0,12,2,2,14,10,4,11,8,41,NO,NO,NO,NO,NO,NO,NO,NO,YES,NO,YES
Lizard,Beast,U,Tiny,0,10,2,2,11,10,1,8,3,35,NO,NO,NO,NO,NO,NO,NO,NO,NO,NO,NO
Baboon,Beast,U,Small,0,12,3,8,14,11,4,12,6,55,NO,NO,NO,YES,NO,YES,NO,NO,NO,NO,NO
Badger,Beast,U,Tiny,0,10,3,4,11,12,2,12,5,46,NO,NO,NO,YES,NO,NO,NO,NO,NO,NO,NO
Jackal,Beast,U,Small,0,12,3,8,15,11,3,12,6,55,NO,NO,YES,NO,YES,NO,NO,NO,NO,NO,NO
Octopus,Beast,U,Small,0,12,3,4,15,11,3,10,4,47,NO,NO,NO,NO,NO,NO,NO,NO,NO,NO,NO
Deer,Beast,U,Medium,0,13,4,11,16,11,2,14,5,59,NO,NO,NO,YES,YES,NO,NO,NO,NO,NO,NO
Giant Fire Beetle,Beast,U,small,0,13,4,8,10,12,1,7,3,41,NO,NO,NO,NO,NO,NO,NO,NO,YES,NO,NO
Goat,Beast,U,Medium,0,10,4,12,10,11,2,10,5,50,NO,NO,NO,NO,NO,YES,YES,NO,NO,NO,YES
Hyena,Beast,U,Medium,0,11,5,11,13,12,2,12,5,55,NO,NO,YES,YES,NO,YES,NO,NO,NO,NO,NO
Vulture,Beast,U,Medium,0,10,5,7,10,13,2,12,4,48,NO,NO,YES,NO,YES,YES,NO,NO,NO,NO,NO
Hawk,Beast,U,Tiny,0,13,11,5,16,8,2,14,6,51,NO,NO,NO,NO,NO,NO,NO,NO,NO,NO,NO
Homunculus,Construct,N,Tiny,0,13,5,4,15,11,10,10,7,57,NO,NO,NO,NO,NO,NO,NO,NO,NO,NO,NO
Lemure,Fiend (Devil),LE,Medium,0,7,13,10,5,11,1,11,3,41,NO,NO,NO,NO,NO,NO,NO,NO,NO,NO,NO
Myconid Sprout,Plant,LN,Small,0,10,7,8,10,10,8,11,5,52,NO,NO,NO,NO,NO,NO,NO,NO,YES,NO,NO
Awakened Shrub,Plant,U,Small,0,9,10,3,8,11,10,10,6,48,NO,NO,NO,YES,NO,NO,NO,NO,NO,NO,NO
Shrieker,Plant,U,Medium,0,5,13,1,1,10,1,10,3,26,NO,NO,NO,NO,NO,NO,NO,NO,YES,NO,NO
Crawling Claw,Undead,NE,Tiny,0,12,2,13,14,11,5,10,4,57,NO,NO,NO,NO,NO,NO,NO,NO,NO,NO,NO